Serial,Question,Option_ক,Option_খ,Option_গ,Option_ঘ,Answer_Label,Answer_Text,Explanation
১,"১. সংখ্যায়  ব্যবহৃত  কোনো  x^2x2+xy+y^2y2  অঙ্ক  তার  অবস্থানের  জন্য  যে  সংখ্যা  প্রকাশ  করে  তাকে  কী  বলে ? [ ঢা.বো . ২০২১, কু.বো . ২০২৩ ] [ জ্ঞানমূলক ]",(x2+xy+y2x2+xy)/(y2x2+xy+y2x2+x)x^2x2+xy+y^2y2x^2x2+xyy^2y2x^2x2+xy+y^2y2x^2x2+x,m^2m2+my+y^2y2m^2m2+my+y^2y2m^2m2+my+y^2y2m^2m2,p^2p2+pq+q^2q2m^2m2+my+y^2y2m^2m2+my+y^2y2m^2m2,(z)/(e)ze+2z+5y-(p)/(e)pem^2m2+my+y^2y2m^2m2+my+y^2y2,ক,(x2+xy+y2x2+xy)/(y2x2+xy+y2x2+x)x^2x2+xy+y^2y2x^2x2+xyy^2y2x^2x2+xy+y^2y2x^2x2+x,বাংলালেখাequationnormal textequationনরমালটেক্সট
২,২ ।  সাত  অঙ্কবিশিষ্ট  কোন  সংখ্যার  ডান  দিক  থেকে  ২য়  অঙ্কের  স্থানীয়  মান  বাম  দিক  থেকে  ২য়  অঙ্কের  স্থানীয়  মানের  কতগুণ  যদি  অঙ্কদ্বয়  একই  হয় ? [ পাঠ ১.১: অঙ্কপাতন ],১০০০০০এবংসাধারণলেখা১০০০০০,১০০০০এবং সাধারণ লেখা১০০০০,(১)/(১০০০)১১০০০এবং সাধারণ লেখা১০০০০০,(১)/(১০০০০)১১০০০০এবং সাধারণ লেখা১০০০০০,ঘ,(১)/(১০০০০)১১০০০০এবং সাধারণ লেখা১০০০০০,বাংলালেখাequationnormal textequationনরমালটেক্সট
৩,৩. ৮৩০৫৬০৪০  সংখ্যাটিতে  সার্থক  অঙ্ক  কয়টি ? [ পাঠ ১.১: অঙ্কপাতন ],৪,৫,৬,৭,খ,৫,বাংলালেখাequationnormal textequationনরমালটেক্সট
৪,৪. ৩৪৫  সংখ্যাটিতে  ৫  এর  স্থানীয়মান  ও  স্বকীয়  মানের  পার্থক্য  কত ?,x^2x2+xy+y^2y2,m^2m2+my+y^2y2,p^2p2+pq+q^2q2,(z)/(e)ze+2z+5y-(p)/(e)pe,গ,p^2p2+pq+q^2q2,বাংলালেখাequationnormal textequationনরমালটেক্সট
৫,৫. কোনো  অঙ্কের  স্থান  পরিবর্তনের  ফলে  স্বকীয়  মান  কীরূপ  হয় ? [ পাঠ ১.১: অঙ্কপাতন ],পরিবর্তনহয়,বৃদ্ধিপায়,একইথাকে,হ্রাসপায়,গ,একইথাকে,বাংলালেখাequationnormal textequationনরমালটেক্সট
৬,৬. x^2x2+xy  কতটি  প্রতীক  x^2x2+xy  ব্যবহার  করা  হয় ?,২,৫,১০,১০০,গ,১০,
১৫,১৫ ।  ৬৪৪০৫৬৩১  সংখ্যাটির - অযুত  স্থানীয়  অঙ্কের  (equation)/(eq)equationeq  স্থানীয়  মান  শূন্য বাম  দিক  হতে  তৃতীয়  অঙ্কের  (equation)/(eq)equationeq স্থানীয়  মান  ডান  দিক  হতে  ৪র্থ  অঙ্কের  স্থানীয়  (equation)/(eq)equationeq  মানের  ৮০  গুণ সংখ্যাটির  অঙ্কগুলোতে  ৬টি  স্বাভাবিক  (equation)/(eq)equationeq  সংখ্যা  বিদ্যমান নিচের  কোনটি  সঠিক ?,iও ii,iওiii,iiওiii,"i, iiওiii",ক,iও ii,
১৬,১৬. পাটিগণিতে  দশটি  প্রতীকের  মধ্যে - স্বার্থক  অঙ্ক  নয়টি স্বাভাবিক  সংখ্যা  দশটি প্রতীকগুলোকে  অঙ্ক  বলা  হয় নিচের  কোনটি  সঠিক ?,iও ii,iও iii,iiও iii,"i, ii ওiii",খ,iও iii,
৭,৭. পাটিগণিতে  কয়টি  প্রতীক  দ্বারা  সব  সংখ্যাই  প্রকাশ  করা  যায় ?,৫,১০,৫০,১০০,খ,১০,
৮,৮. ক্ষুদ্রতম  দুই  অঙ্কের  ৩  দ্বারা  বিভাজ্য  জোড়  সংখ্যা  কোনটি ?,২৪,১৮,১৫,১২,ঘ,১২,
৯,"৯. ১ , ২ , ৩ , ৪ , ৫ , ৬ , ৭ , ৮ , ৯ , ০  প্রতীকগুলোর  মধ্যে  স্বাভাবিক  সংখ্যা  কয়টি ?",১,৪,৯,১০,গ,৯,
১০,১০. কত  অপেক্ষা  বড়  সব  সংখ্যাই  দুই  বা  ততোধিক  অঙ্ক  পাশাপাশি  বসিয়ে  লেখা  হয় ?,০,২,৫,৯,ঘ,৯,
১১,১১. শূন্য  থেকে  বড়  পূর্ণসংখ্যাগুলোকে  কি  বলে ?,অমূলদসংখ্যা,স্বাভাবিকসংখ্যা,জোড়সংখ্যা,বিজোড়সংখ্যা,খ,স্বাভাবিকসংখ্যা,
১২,১২. ছয়  অঙ্কের  ক্ষুদ্রতম  সংখ্যা  চার  অভেকর  ক্ষুদ্রতম  সংখ্যার  কতগুণ ?,১০০,১০০০,৬০০,৪০০,ক,১০০,
১৩,১৩. দশমিক  বা  দশ  গুণোত্তর  রীতিতে  কয়েকটি  অঙ্ক  পাশাপাশি  বসিয়ে  সংখ্যা  লিখলে  এর  সর্বাপেক্ষা  ডানদিকের  অঙ্কটি  কোন  ধরনের  মান  প্রকাশ  করে ?,ঋণাত্মকমান,অস্বাভাবিকমান,স্বকীয়মান,শতগুণ,গ,স্বকীয়মান,
১৪,১৪. কোন  সংখ্যার  ব্যবহৃত  অঙ্কগুলির  মান  কিসের  উপর  নির্ভর  করে ?,অঙ্কপাতন,বিভাজ্য,বিভাজ্যতা,অবস্থান,ঘ,অবস্থান,
১৫,১৫. ৬৪৪০৫৬৩১  সংখ্যাটির - অযুত  স্থানীয়  অঙ্কের  স্থানীয়  মান  শূন্য বাম  দিক  হতে  তৃতীয়  অঙ্কের  স্থানীয়  মান  ডান  দিক  হতে  ৪র্থ  অঙ্কের  স্থানীয়  মানের  ৮০  গুণ সংখ্যাটির  অঙ্কগুলোতে  ৬টি  স্বাভাবিক  সংখ্যা  বিদ্যমান নিচের  কোনটি  সঠিক ?,iও ii,iওiii,iiওiii,"i, iiওiii",ক,iও ii,
১৬,১৬. পাটিগণিতে  দশটি  প্রতীকের  মধ্যে - স্বার্থক  অঙ্ক  নয়টি স্বাভাবিক  সংখ্যা  দশটি প্রতীকগুলোকে  অঙ্ক  বলা  হয় নিচের  কোনটি  সঠিক ?,iও ii,iও iii,iiও iii,"i, ii ওiii",খ,iও iii,
০,"০ , ৫ , ১ , ৪ , ৬ , ৩  ও  ৯  হলো  সাতটি  x^2x2+2xy+y^2y2  সংখ্যা  প্রতীক । ১৭. প্রথম  ৫টি  প্রতীক  হতে  সার্থক  অঙ্কগুলো  দ্বারা  গঠিত  ক্ষুদ্রতম  সংখ্যার  শতক  স্থানের  অঙ্কের  স্থানীয়  মান  কত ?",৫,৫০,৪০০,৫৪১,গ,৪০০,
১৮,১৮. শেষ  চারটি  অভক  নিয়ে  গঠিত  বৃহত্তম  সংখ্যার  হাজার  স্থানের  অঙ্কটির  স্বকীয়  মান  কত ?,৯০০০,৬০০০,৯,৬,গ,৯,
১৯,১৯. পাঁচ  অঙ্ক  বিশিষ্ট  একটি  সংখ্যার  অযুতের  ঘরে  ৮  ও  হাজারের  ঘরে  ৫  এবং  অবশিষ্ট  অঙ্কগুলো  শূন্য ( ০ ) থাকলে  সংখ্যাটি  কিভাবে  পড়তে  হবে ?,পঁচাশিহাজার,(z)/(e)ze+2z+5y-(p)/(e)peঅখিল,পঁচাশিলক্ষ,আটহাজারপাঁচশ,,(z)/(e)ze+2z+5y-(p)/(e)pe,
২০,২০. “ ত্রিশ  হাজার  সত্তর ” সংখ্যাটি  কমা  ব্যবহার  করে  অঙ্কে  লিখলে  কোনটি  সঠিক  হবে ?,"৩,০৭০",(z)/(e)ze+2z+5y-(p)/(e)pe,"৩,০০,৭০","৩,০০,০৭০",খ,(z)/(e)ze+2z+5y-(p)/(e)pe,
২১,২১. এক  কোটি  অপেক্ষা  বড়  কিন্তু  দশ  কোটি  অপেক্ষা  ছোট  একটি  স্বাভাবিক  সংখ্যা  লিখতে  মোট  কয়টি  অঙ্ক  লাগবে ?,৯,(z)/(e)ze+2z+5y-(p)/(e)pe,৭,৬,খ,(z)/(e)ze+2z+5y-(p)/(e)pe,
২২,"২২. ৪ , ৮ , ১ , ২ , ৫ , ৭ , ৯  অঙ্কগুলো  মাত্র  একবার  ব্যবহার  করে  সাত  অঙ্কের  ক্ষুদ্রতম  সংখ্যা  নিচের  কোনটি ?",৯৮৭৫৪২১,৮৫৯১২৪৫,১২৪৫৭৮৯,১২৪৫৭৯৮,গ,১২৪৫৭৮৯,
২৩,২৩. ৭৩৪৫৫  সংখ্যাটির  অঙ্কগুলোকে  বিপরীতভাবে  সাজিয়ে  কথায়  প্রকাশ  করলে  নিচের  কোনটি  সঠিক ?,পঞ্চান্নহাজারতিনশসাঁইত্রিশ,পঞ্চান্নহাজারচারশসাঁইত্রিশ,পঞ্চান্নহাজারসাতশতেতাল্লিশ,পঞ্চান্নহাজারতিনশসাতচল্লিশ,খ,পঞ্চান্নহাজারচারশসাঁইত্রিশ,
২৪,২৪. নিচের  কোনটি  সাত  অঙ্কের  ক্ষুদ্রতম  সংখ্যা ?,১০০০০০০,১১১১১১১,১২৩৪৫৬৭,৯৯৯৯৯৯৯,ক,১০০০০০০,
২৫,২৫. নিচের  কোনটি  পাঁচ  অঙ্কের  বৃহত্তম  সংখ্যা ?,১১১১১,৯০০০০,৯৮৭৬৫,৯৯৯৯৯,ঘ,৯৯৯৯৯,
২৬,"২৬. ১ , ০ , ৫ , ৯ , ৬ , ৭  অঙ্কগুলো  মাত্র  একবার  ব্যবহার  করে  ছয়  অঙ্কের  বৃহত্তম  সংখ্যা  নিচের  কোনটি ?",১০৯৭৫৬,৯৭৬৫১০,৯০৭৬৫১,৯৭৬৫১,খ,৯৭৬৫১০,
২৭,২৭. মৌলিক  অঙ্কসমূহ  এবং  সহকারী  অঙ্ক  নিয়ে  গঠিত  পাঁচ  অঙ্কের  ক্ষুদ্রতম  সংখ্যাটির  কথায়  প্রকাশ  নিচের  কোনটি ? ( প্রত্যেক  অঙ্ক  একবার  ব্যবহার  করতে  হবে ),বিশহাজারতিনশসাতান্ন,তেইশহাজারপাঁচশসত্তর,বিশহাজারদুইশপঁয়ত্রিশ,পঁচিশহাজারদুইশতিয়াত্তর,ক,বিশহাজারতিনশসাতান্ন,
২৮,"২৮. ১০ , ৪৫ , ৬৭৮  সংখ্যাটির  কমা  ব্যবহারে  কোন  রীতি  অনুসরণ  করা  হয়েছে ?",দেশীয়,বিদেশী,গ্রিক,ল্যাটিন,ক,দেশীয়,
২৯,২৯. নিচের  কোনটি  পাঁচ  অঙ্কের  ক্ষুদ্রতম  সংখ্যার  আগের  সংখ্যা ?,৯৯৯৯৯,৯৯৯৯,৯৯৯,৯৯,খ,৯৯৯৯,
৩০,৩০. পরপর  যেকোনো  অঙ্কের  ক্ষুদ্রতম  সংখ্যাদ্বয়ের  পার্থক্য  ঐ  দুই  সংখ্যার  অন্তর্গত  ক্ষুদ্রতম  সংখ্যার  কতগুণ ?,৯০০০,৯০০,৯০,৯,ঘ,৯,
৩১,"৩১. দেশীয়  সংখ্যাপঠন  রীতিতে - অযুত  ও  হাজারের  ঘর  মিলিয়ে  যত  হাজার  হয় , তত  হাজার  পড়া  হয় নিযুত  ও  লক্ষের  ঘর  মিলিয়ে  যত  লক্ষ  হয় , তত  লক্ষ  হিসেবে  পড়া  হয় হাজারের  ঘরে  সর্বোচ্চ  দুইটি  অঙ্ক  লেখা  যায় নিচের  কোনটি  সঠিক ?",iও ii,iও iii,iiও iii,"i, ii ওiii",ঘ,"i, ii ওiii",
৩২,৩২. একটি  অঙ্ক  মাত্র  একবার  ব্যবহার  করে  সাত  অঙ্কের  বৃহত্তম  সংখ্যা  নিচের  কোনটি ?,"৯৮,৭৫,৪৩০","৮৯,৭৫,৪৩০","৩৪,৫৭,৮৯০","৩০,৪৫,৭৮৯",ক,"৯৮,৭৫,৪৩০",
৩৩,৩৩. একটি  অঙ্ক  মাত্র  একবার  ব্যবহার  করে  সাত  অঙ্কের  ক্ষুদ্রতম  সংখ্যা  নিচের  কোনটি ?,"৯৮,৭৫,৪৩০","৯০,৮৭,৫৪৩","৩৪,৫৭,৮৯০","৩০,৪৫,৭৮৯",ঘ,"৩০,৪৫,৭৮৯",
৩৪,৩৪. ১০০০০০০  সংখ্যাটি  আন্তর্জাতিক  রীতিতে  কত ?,দশলক্ষ,১মিলিয়ন,১নিযুত,০.১কোটি,খ,১মিলিয়ন,
৩৫,৩৫. আন্তর্জাতিক  রীতিতে  ডান  দিক  থেকে  কত  অঙ্ক  পর  প্রথম  কমা  বসাতে  হয় ?,একঅঙ্ক,দুইঅঙ্ক,তিনঅঙ্ক,চারঅঙ্ক,গ,তিনঅঙ্ক,
৩৬,৩৬. ছকে  লিখিত  সংখ্যাটি  আন্তর্জাতিক  পদ্ধতিতে  পড়লে  কী  হবে ?,একশএগারোহাজার,একমিলিয়নএগারোহাজার,এগারোশএগারোহাজার,এগারোমিলিয়নএগারোহাজার,ক,একশএগারোহাজার,
৩৭,৩৭. কমা  ব্যবহার  করে  ৯০০০০০  সংখ্যাটির  আন্তর্জাতিক  গণনার  সঠিক  রূপ  কোনটি ?,"৯,০০০০০","৯০,০০০০","৯০০,০০০","৯,০০,০০০",গ,"৯০০,০০০",
৩৮,"৩৮. আন্তর্জাতিক  গণনা  পদ্ধতি  অনুযায়ী  বিলিয়ন , মিলিয়ন  ও  হাজারের  ঘরে  সর্বোচ্চ  কত  অঙ্ক  বিশিষ্ট  সংখ্যা  লেখা  যায় ?",এক,দুই,তিন,চার,গ,তিন,
৩৯,৩৯. আন্তর্জাতিক  রীতিতে - ১  মিলিয়ন = ১০  লক্ষ,iও ii,iও iii,iiও iii,"i, ii ওiii",ঘ,"i, ii ওiii",
১,"১ , ০০ , ০০০ ; ২০৪ , ০০০ , ০০০ , ০০০ ৪০. দ্বিতীয়  সংখ্যাটি  কথায়  প্রকাশ  করলে  হবে ?",২০৪মিলিয়ন,বিশহাজারমিলিয়ন,২বিলিয়নচল্লিশমিলিয়ন,দুইশচারবিলিয়ন,ঘ,দুইশচারবিলিয়ন,
৪১,৪১. দেশীয়  পদ্ধতিতে  প্রথম  সংখ্যাটির  লিখিত  রূপ  কোনটি ?,দশলক্ষ,একলক্ষ,একশতহাজার,১কোটি,খ,একলক্ষ,
৪২,৪২. ১০০  কোটিতে  কত  বিলিয়ন ?,১০০বিলিয়ন,১০বিলিয়ন,৫বিলিয়ন,১বিলিয়ন,ঘ,১বিলিয়ন,
৪৩,৪৩. ৫  বিলিয়ন = কত  কোটি ?,৫কোটি,৫০কোটি,৫০০কোটি,৫০০০কোটি,গ,৫০০কোটি,
৪৪,৪৪. ৭  মিলিয়নে  কত  লক্ষ ?,১০,৭০,১০০,৫০০,খ,৭০,
৪৫,৪৫. ৬  বিলিয়ন = কত  মিলিয়ন ?,৬০,৬০০,৬০০০,৬০০০০,গ,৬০০০,
৪৬,"৪৬. ১৫৬৭০০২৫৬১৯৮২  সংখ্যাটি - দেশীয়  রীতিতে  এক  লক্ষ  ছাপ্পান্ন  হাজার  সাতশ  কোটি  পঁচিশ  লক্ষ  একষট্টি  হাজার  নয়শ  বিরাশি আন্তর্জাতিক  রীতিতে  এক  ট্রিলিয়ন  পাঁচশ  সাতষট্টি  বিলিয়ন  দুই  মিলিয়ন  পাঁচশ  একষট্টি  হাজার  নয়শ  বিরাশি আন্তর্জাতিক  রীতিতে  কমা  বসালে  রূপান্তরিত  রূপ ১, ৫৬৭ , ০০২ , ৫৬ , ১৯ , ৯৮২ নিচের  কোনটি  সঠিক ?",iও ii,iও iii,iiও iii,"i, ii ওiii",ক,iও ii,
৫০০০০০০,"৫০০০০০০ , ১০০  কোটি  ও  ১০  লক্ষ ৪৭. প্রথম  সংখ্যাটি  কত  মিলিয়নের  সমান ?",৫,৫০,৫০০,৫০০০,ক,৫,
৪৮,৪৮. দ্বিতীয়  সংখ্যাটি  কত  বিলিয়নের  সমান ?,১০০,২০,১০,১,ঘ,১,
৪৯,৪৯. কমা  ব্যবহার  করে  তৃতীয়  সংখ্যাটির  আন্তর্জাতিক  সঠিক  রূপ  কোনটি ?,"১০,০০০,০০","১,০০০,০০০","১০০০,০০০","১০,০০,০০,০",খ,"১,০০০,০০০",
৫০,৫০. সহকারী  অঙ্ক  কোনটি ?,০,১,২,৩,ক,০,
৫১,৫১. ৬২৩৬০৫  সংখ্যাটির  ৬  এর  স্থানীয়  মানদ্বয়ের  পার্থক্য  কত ?,৬৯৯৪০০,৫৯৯৪০০,৬৯৯৪০,৫৯৯৪০,খ,৫৯৯৪০০,
৫২,৫২. ১৩৬৭০৫২  সংখ্যাটি  দেশীয়  রীতিতে  কমা  বসিয়ে  লিখলে  কি  হবে ?,"১,৩৬৭,০৫২","১৩,৬৭০,৫২","১৩,৬৭,০৫২","১৩,৬৭,০৫,২",গ,"১৩,৬৭,০৫২",
৫৩,৫৩. তিন  বিলিয়ন  বারো  মিলিয়ন  তিনশ  সাঁইত্রিশ  হাজার  নয়শ  সাতাত্তরকে  অঙ্কে  প্রকাশ  করলে  কি  হবে ?,৩০১২৩৩৭৯৭৭,৩১২৩৩৭৯৭৭,৩০১২৩৭৯৭৭,৩১২৩৭৯৭৭,ক,৩০১২৩৩৭৯৭৭,
৫৪,৫৪. দেশীয়  ও  আন্তর্জাতিক  এককের  সম্পর্ক  অনুসারে - ৫ মিলিয়ন  ১০০  হাজার  ৫১  লক্ষ ২০০  কোটি  ১০  লক্ষ  ২  বিলিয়ন  ১  মিলিয়ন ১৩২  মিলিয়ন  ২০০  হাজার  ১  কোটি  ৩২  লক্ষ  ২০  হাজার  নিচের  কোনটি  সঠিক ?,iও ii,iও iii,iiও iii,"i, ii ওiii",ক,iও ii,
৫৫,৫৫. নিচের  কোন  সংখ্যাটি  ৬  অঙ্কের  বৃহত্তম  সংখ্যা  হতে  ১  বেশি ?,১০০০০,১০০০০০,১০০০০০০,১০০০০০০০,গ,১০০০০০০,
৫৬,৫৬. একটি  ছয়  অঙ্কবিশিষ্ট  সংখ্যার  অযুত  ও  লক্ষের  ঘরে  যথাক্রমে  ৫  ও  ৮  এবং  বাকি  অঙ্কগুলো  শূন্য  হলে  আন্তর্জাতিক  রীতিতে  সংখ্যাটি  কিভাবে  পড়তে  হবে ?,আটশপঞ্চাশহাজার,আটলক্ষপঞ্চাশহাজার,পঁচাশিলক্ষ,আটমিলিয়নপাঁচশহাজার,ক,আটশপঞ্চাশহাজার,
৫,"৫ , ০ , ২ , ৮ , ৯ , ৬  অঙ্কগুলো  একবার  ব্যবহার  করে  ছয়  অঙ্কের  কতগুলো  সংখ্যা  গঠন  করা  হলো ৫৭. গঠিত  সংখ্যাগুলোর  মধ্যে  ক্ষুদ্রতম  সংখ্যা  কোনটি ?",২০৫৬৮৯,২০৫৬৯৮,২০৫৮৬৯,২০৬৫৮৯,ক,২০৫৬৮৯,
৫৮,৫৮. গঠিত  সংখ্যাগুলোর  মধ্যে  ৫  দিয়ে  শুরু  বৃহত্তম  সংখ্যা  কোনটি ?,৫০৮৯৬২,৫৮৯৬২০,৫৯৮৫৬০,৫৯৮৬২০,ঘ,৫৯৮৬২০,
৫৯,"৫৯. ৮ , ১ , ৬ , ৫ , ০ , ৭  অঙ্কগুলো - দ্বারা  গঠিত  ছয়  অঙ্কের  ক্ষুদ্রতম  সংখ্যা  ১০৫৬৭৮ এর  মধ্যে  ছয়টি  সার্থক  অঙ্ক  বিদ্যমান এর  মধ্যে  পাঁচটি  স্বাভাবিক  সংখ্যা  বিদ্যমান নিচের  কোনটি  সঠিক ?",iও ii,iও iii,iiও iii,"i, ii ওiii",খ,iও iii,
৬০,৬০. ৫০০০  অপেক্ষা  বড়  কিন্তু  ৫০০০০  অপেক্ষা  ছোট  সংখ্যাগুলোর  মধ্যে - চার  অঙ্ক  বিশিষ্ট  বৃহত্তম  সংখ্যা  ৯৯৯৯  পাঁচ  অঙ্ক  বিশিষ্ট  বৃহত্তম  সংখ্যা  ৪৯৯৯৯ চার  অঙ্ক  বিশিষ্ট  ক্ষুদ্রতম  সংখ্যা  ৫০০০ নিচের  কোনটি  সঠিক ?,iও ii,iও iii,iiও iii,"i, ii ওiii",ক,iও ii,
৬১,৬১. কোম্পানির  আয়কে  দেশীয়  রীতিতে  প্রকাশ  করলে  কি  হবে ?,২১৩৩কোটি৬৩লক্ষ৫৭হাজার৯৮২,২১৩৩কোটি৩লক্ষ৫৭হাজার৯৮২,২১৩কোটি৩৬লক্ষ৫৭হাজার৯৮২,২১৩কোটি৩লক্ষ৫৭হাজার৯৮২,ক,২১৩৩কোটি৬৩লক্ষ৫৭হাজার৯৮২,
৬২,৬২. আন্তর্জাতিক  রীতিতে  কোম্পানির  আয়  কিভাবে  পড়তে  হবে ?,২বিলিয়ন৩৩৬কোটি৩৫৭হাজার৯৮২,২বিলিয়ন১৩৩৬মিলিয়ন৩৫৭হাজার৯৮২,২১বিলিয়ন৩৩৬মিলিয়ন৩৫৭হাজার৯৮২,২১বিলিয়ন৩৩৬৩মিলিয়ন৫৭হাজার৯৮২,গ,২১বিলিয়ন৩৩৬মিলিয়ন৩৫৭হাজার৯৮২,
৬৩,৬৩. দশ  লক্ষ  অপেক্ষা  বড়  কিন্তু  এক  কোটি  অপেক্ষা  ছোট  কোন  সংখ্যায়  সর্বনিম্ন  কয়টি  স্বাভাবিক  অঙ্ক  থাকতে  পারে ?,১,২,৩,৪,ক,১,
৬৪,৬৪. ২ কোটিতে  কত  লক্ষ ?,২০,৫০,১০০,২০০,ঘ,২০০,
১,১.  একমাত্র  জোড়  মৌলিক  সংখ্যা  নিচের  কোনটি ?,২,৩,৫,৭,ক,২,
২,২.  ৭০  থেকে  ৮০  পর্যন্ত  মৌলিক  সংখ্যা  কয়টি ?,১,২,৩,৪,গ,৩,
৩,৩. সবচেয়ে  ছোট  বিজোড়  মৌলিক  সংখ্যা  নিচের  কোনটি ?,১,২,৩,৫,গ,৩,
৪,৪. ১০  থেকে  ২০  পর্যন্ত  মৌলিক  সংখ্যা  কয়টি ?,৩টি,৪টি,৫টি,৬টি,খ,৪টি,
৫,৫. নিচের  কোনটি  মৌলিক  সংখ্যা  নয় ?,১৯,২৯,৩৭,৪৯,ঘ,৪৯,
৬,৬.  গুণনীয়ককে  কী  বলা  হয় ?,গুণফল,গুণ্য,গুণক,উৎপাদক,ঘ,উৎপাদক,
৭,৭. মৌলিক  সংখ্যার  গুণনীয়ক  কয়টি ?,১,২,৩,৪,খ,২,
৮,৮. ২৫  এর  গুণনীয়কগুলোর  যোগফল  কত ?,৭,২৫,৩১,৭৩,গ,৩১,
৯,৯. ৩৫  এর  গুণনীয়ক  কয়টি ?,১,২,৩,৪,ঘ,৪,
১০,১০. ৬০  থেকে  ১০০  এর  মধ্যে  কয়টি  মৌলিক  সংখ্যা  আছে ?,৬,৮,১০,১২,খ,৮,
১১,১১.  ৬৩  এর  মৌলিক  উৎপাদক  কয়টি ?,৪,৩,২,১,গ,২,
১২,১২.  নিচের  কোনটি  যৌগিক  সংখ্যা ?,৪১,৪৭,৫৯,৬৩,ঘ,৬৩,
১৩,১৩. দুই  অঙ্ক  বিশিষ্ট  বৃহত্তম  মৌলিক  সংখ্যা  কোনটি ?,১১,৯৭,৯৮,৯৯,খ,৯৭,
১৪,১৪. মৌলিক  সংখ্যা - ১  হতে  বৃহত্তর প্রথমটি  জোড়  ব্যতীত  সকল  সংখ্যা  যৌগিক  সংখ্যা নিচের  কোনটি  সঠিক ?,iওii,iওiii,iiওiii,"i, iiওiii",ক,iওii,
১৫,১৫.  মৌলিক  ও  যৌগিক  সংখ্যার  ক্ষেত্রে -  ১  একটি  মৌলিক  সংখ্যা প্রথম  যৌগিক  সংখ্যাটি  হলো  ৪ প্রথম  মৌলিক  ও  যৌগিক  সংখ্যার  পার্থক্য  ২ নিচের  কোনটি  সঠিক ?,iওii,iওiii,iiওiii,"i, iiওiii",গ,iiওiii,
১৬,১৬. ৩৫  এর  মৌলিক  গুণনীয়কগুলোর  সমষ্টি  কত ?,৫,৭,১২,১৩,গ,১২,
১৭,১৭.  ৩০  থেকে  ৫০  এর  মধ্যে  অবস্থিত  বৃহত্তম  ও  ক্ষুদ্রতম  মৌলিক  সংখ্যাদ্বয়ের  পার্থক্য  কত ?,১৫,১৬,১৭,১৮,খ,১৬,
১৮,১৮.  দুই  বা  ততোধিক  সংখ্যার  সাধারণ  গুণনীয়ক  কত  হলে  সংখ্যাগুলো  পরস্পর  সহমৌলিক  হয় ?,১,৫,৭,৮,ক,১,
১৯,১৯. কোন  জোড়াটি  সহমৌলিক ?,"২৫,৩৫","৮,৫৬","৩৮,৬৮","২১,২৫",ঘ,"২১,২৫",
২০,২ ০ . নিচের  জোড়া  সংখ্যাগুলোর  কোনগুলো  সহমৌলিক  নয় ?,"১২,১৫","১৯,২০","২৩,২৭","২৯,৩১",ক,"১২,১৫",
২১,২ ১ . ৩০  এর  মোট  গুণনীয়ক  কতটি ?,৬,৭,৮,৯,গ,৮,
২২,২ ২ .  উদ্দীপকের  আলোকে -  ২৩  সংখ্যাটি  মৌলিক  নয়। ২৩  ও  ৩০  সহমৌলিক। ৩০  ও  ৪৮  সহমৌলিক  নয়। নিচের  কোনটি  সঠিক ?,iওii,iiওiii,iওiii,"i, iiওiii",খ,iiওiii,
২৩,"২ ৩ .  কোনো  সংখ্যার  একক  স্থানীয়  অঙ্ক  ০  বা  ৫  হলে , সংখ্যাটি  কত  দ্বারা  বিভাজ্য  হবে ?",২,৩,৫,৯,গ,৫,
২৪,২ ৪ . নিচের  কোন  সংখ্যাটি  ৪  ও  ৫  দ্বারা  বিভাজ্য ?,২৫৫,৫৩০,৬৬৪,৯০০,ঘ,৯০০,
২৫,২ ৫ . কোন  সংখ্যাটি  ৯  দ্বারা  বিভাজ্য ?,১২৩,১২৬,১২৯,৩২৯,খ,১২৬,
২৬,২ ৬ . যেকোনো  সংখ্যাকে  ২  দ্বারা  গুণ  করলে  গুণফলের  একক  স্থানীয়  অঙ্কটি  কত  হবে ?,২বা৫,"০,২,৪বা৯","০,২,৪,৬বা৮","০,২,৪,৮বা৯",গ,"০,২,৪,৬বা৮",
২৭,২ ৭ . একটি  সংখ্যার  শেষ  অঙ্ক  দুটি  শূন্য  হলে  সেটি  কত  দ্বারা  বিভাজ্য  হবে  না ?,২ও৫,২ও৪,৪ ও ৫,৪ ও ৬,ঘ,৪ ও ৬,
২৮,২ ৮ .  ৩৫৭   ২  সংখ্যাটির   চিহ্নিত  স্থানে  কোন  অঙ্ক  বসলে  তা  ৬  দ্বারা  বিভাজ্য  হবে ?,০,১,২,৩,খ,১,
২৯,২ ৯ . কোনো  সংখ্যা  ৩  ও  ৪  দ্বারা  বিভাজ্য  হলে  নিচের  কোনটি  দ্বারা  নিঃশেষ  বিভাজ্য  হবে ?,৭,৮,৯,১২,ঘ,১২,
৩০,৩০.  নিচের  কোন  সংখ্যাটি  ৯  দ্বারা  বিভাজ্য  নয় ?,৯৬৩,৮৭৩,৭১১,৫১৪,ঘ,৫১৪,
৩১,৩১. ৩৫৬  সংখ্যাটি  নিচের  কোনটি  দ্বারা  বিভাজ্য ?,৩,৪,৬,৯,খ,৪,
৩২,৩২. নিচের  কোন  সংখ্যাটি  ৩  দ্বারা  নিঃশেষে  বিভাজ্য ?,২৭৩,২৯৫,৩১৭,৩২৫,ক,২৭৩,
৩৩,৩৩.  কোনো  সংখ্যা  ২  এবং  ৩  দ্বারা  বিভাজ্য  হলে  সংখ্যাটি  কত  দ্বারা  নিঃশেষে  বিভাজ্য ?,৫,৬,৭,৮,খ,৬,
৩৪,৩৪. নিচের  কোন  সংখ্যাটি  ২  ও  ৩  দ্বারা  বিভাজ্য ?,২১৮৪,৫২৭৩,৭৮৩২,৮৫৪২,ক,২১৮৪,
৩৫,৩৫. ২৩৫২  সংখ্যাটি  নিচের  কোন  সংখ্যাটি  দ্বারা  অবিভাজ্য ?,২,৪,৬,৯,ঘ,৯,
৩৬,৩৬. দুই  অঙ্কের  বৃহত্তম  ও  ক্ষুদ্রতম  মৌলিক  সংখ্যাদ্বয়ের  বিয়োগফল  সর্বদাই  কত  দ্বারা  বিভাজ্য ?,২,৪,৬,৯,ক,২,
৩৭,৩৭. ১৫২৪৬  সংখ্যাটি - ৩  দ্বারা  বিভাজ্য ৬  দ্বারা  বিভাজ্য ৯  দ্বারা  বিভাজ্য নিচের  কোনটি  সঠিক ?,iওii,iiওiii,iওiii,"i, iiওiii",ঘ,"i, iiওiii",
৩৮,"৩৮.  কোনো  সংখ্যার – একক  স্থানীয়  অঙ্কটি  শূন্য ( ০ ) অথবা  জোড়  সংখ্যা  হলে , প্রদত্ত  সংখ্যাটি  ২  দ্বারা  বিভাজ্য  হবে। একক  ও  দশক  স্থানের  অঙ্ক  দুইটি  দ্বারা  গঠিত  সংখ্যা  ৪  দ্বারা  বিভাজ্য  হলে , ঐ  সংখ্যাটি  ৪  দ্বারা  বিভাজ্য  হবে।  একক  ও  দশক  উভয়  স্থানের  অঙ্ক  ০  হলে , সংখ্যাটি  ৪  দ্বারা  বিভাজ্য  হবে।  নিচের  কোনটি  সঠিক ?",iওii,iওiii,iiওiii,"i, iiওiii",ঘ,"i, iiওiii",
৩৯,৩৯. ৬০০  সংখ্যাটি  – ২  দ্বারা  বিভাজ্য ৪  দ্বারা  বিভাজ্য ৫  দ্বারা  বিভাজ্য নিচের  কোনটি  সঠিক ?,iওii,iওiii,iiওiii,"i, iiওiii",ঘ,"i, iiওiii",
৪০,৪০. ৬০২৪  সংখ্যাটি - ২  দ্বারা  বিভাজ্য ৩  দ্বারা  বিভাজ্য  ৪  দ্বারা  বিভাজ্য নিচের  কোনটি  সঠিক ?,iওii,iওiii,iiওiii,"i, iiওiii",ঘ,"i, iiওiii",
৪১,৪১.  ১২৫   ৮ - এর   চিহ্নিত  স্থানে  ২  বসালে  – ৩  দ্বারা  বিভাজ্য  হবে ৪  দ্বারা  বিভাজ্য  হবে ৯  দ্বারা  বিভাজ্য  হবে  নিচের  কোনটি  সঠিক ?,iওii,iওiii,iiওiii,"i, iiওiii",ঘ,"i, iiওiii",
৪২,৪২.  একটি  সংখ্যার  একক  স্থানীয়  অঙ্ক  শূন্য  হলে - সংখ্যাটি  ৪  দ্বারা  বিভাজ্য। সংখ্যাটি  ৫  দ্বারা  বিভাজ্য। সংখ্যাটি  ১০  দ্বারা  বিভাজ্য। নিচের  কোনটি  সঠিক ?,iওii,iওiii,iiওiii,"i, iiওiii",গ,iiওiii,
৫,"৫ , ৭ , ০ , ৮ , ১  হলো  পাঁচটি  অঙ্ক। ৪৩.  অঙ্কগুলি  দ্বারা  গঠিত  পাঁচ  অঙ্কের  ক্ষুদ্রতম  সংখ্যা  কোনটি ?",৫১৭৮,১০৫৭৮,৫১৭৮০,৮৭১৫০,খ,১০৫৭৮,
৪৪,৪৪. গঠিত  ক্ষুদ্রতম  সংখ্যাটি  নিচের  কোন  সংখ্যা  দ্বারা  অবিভাজ্য ?,২,৩,৬,৯,ঘ,৯,
৪৫,৪৫.  চিহ্নিত  স্থানে  ৪  হলে  নিচের  কোন  সংখ্যাটি  দ্বারা  বিভাজ্য  হবে ?,৩,৪,৬,৯,খ,৪,
৪৬,৪৬.  চিহ্নিত  স্থানে - ২  হলে  সংখ্যাটি  ৩  দ্বারা  বিভাজ্য ৮  হলে  সংখ্যাটি  ৬  দ্বারা  বিভাজ্য ৬  হলে  সংখ্যাটি  ৪  দ্বারা  বিভাজ্য নিচের  কোনটি  সঠিক ?,iওii,iওiii,iiওiii,"i, iiওiii",ক,iওii,
৪৭,৪৭. ২০  থেকে  ৪০  এর  মধ্যে  মৌলিক  সংখ্যা  কতটি ?,৪,৫,৬,৭,ক,৪,
৪৮,৪৮.  নিচের  কোন  জোড়া  সহমৌলিক ?,"১৫,৩০","৪,৫০","৩১, ৯৩","৪, ৯",ঘ,"৪, ৯",
৪৯,৪৯.  নিচের  কোন  সংখ্যাটি  ৩  দ্বারা  বিভাজ্য ?,১৭৩,২১৮,২৮৩,৭৬২,ঘ,৭৬২,
৫০,৫০. পাঁচ  অঙ্কের  বৃহত্তম  সংখ্যা - ৩  দ্বারা  বিভাজ্য ৬  দ্বারা  বিভাজ্য ৯  দ্বারা  বিভাজ্য নিচের  কোনটি  সঠিক ?,iওii,iiওiii,iওiii,"i, iiওiii",গ,iওiii,
৫১,৫১.  ৮  এর  গুণনীয়কগুলোর  গুণফল  কত ?,৮,১৬,৩২,৬৪,ঘ,৬৪,
৫২,৫২. নিচের  কোন  সংখ্যাটি  ৯  দ্বারা  বিভাজ্য ?,৯৮৭৩,৯৬৭৮,৭৩৫৯,৬৭৩৯,ক,৯৮৭৩,
৫৩,৫৩. দুইটি  সংখ্যার  বৃহত্তম  গুণনীয়কদ্বয়ের  পার্থক্য -,সংখ্যাদ্বয়েরযোগফলেরসমান,সংখ্যাদ্বয়েরপার্থক্যেরসমান,সংখ্যাদ্বয়েরগুণফলেরসমান,শূন্য(০),খ,সংখ্যাদ্বয়েরপার্থক্যেরসমান,
৫৪,৫৪. ৩৮৭৫৪  সংখ্যাটি  বিভাজ্য - ২  দ্বারা ৩  দ্বারা ৬  দ্বারা নিচের  কোনটি  সঠিক ?,iওii,iওiii,iiওiii,"i, iiওiii",ঘ,"i, iiওiii",
৬,"৬ , ৫ , ০ , ৭ , ৮  হলো  পাঁচটি  অঙ্ক। ৫৫.  অঙ্কগুলি  দ্বারা  গঠিত  ক্ষুদ্রতম  সংখ্যা  কোনটি ?",৫৬৭৮,৫০৬৭৮,৫৬৭৮০,৮৭৬৫০,খ,৫০৬৭৮,
৫৬,৫৬. গঠিত  ক্ষুদ্রতম  সংখ্যাটি  নিচের  কোন  সংখ্যা  দ্বারা  বিভাজ্য ?,২,৩,৬,৯,ক,২,
৫৭,৫৭.  ১২  এর  গুণনীয়কগুলোর  সমষ্টি  কত ?,২৮,২৭,২৪,১৬,ক,২৮,
৫৮,৫৮. ১০০  থেকে  ১১০  পর্যন্ত  মৌলিক  সংখ্যা  কতটি ?,২,৩,৪,৫,গ,৪,
৫৯,৫৯.  ৭৫২৪   এর      চিহ্নিত  স্থানে  কত  বসালে  ৯  দ্বারা  বিভাজ্য  হবে ?,০,২,৩,৫,ক,০,
৬০,৬০. ১০৫  এর  মৌলিক  উৎপাদক  কতটি ?,১,২,৩,৪,গ,৩,
৬১,৬১.  ৯  দ্বারা  বিভাজ্য  কোনো  সংখ্যা  অবশ্যই - দ্বারা  নিঃশেষে  বিভাজ্য  হবে ?,২,৩,৫,৬,খ,৩,
১,১. কোন  বৃহত্তম  সংখ্যা  দ্বারা  ১০০  ও  ১৮৪  কে  ভাগ  করলে  প্রত্যেকবার  ভাগশেষ  ৪  থাকবে ?,৫,৬,৮,১৬,খ,৬,
২,"২. ২ , ৪ , ৬ , ৮  এর  গ . সা . গু . কত ?",৪,২,৬,১,খ,২,
৩,"৩. ২৫ , ৩৫  ও  ৮৫  সংখ্যাসমূহের  গ . সা . গু . কত ?",৪,৮,৫,১৫,গ,৫,
৪,৪. ৭  ও  ২১  এর  গ . সা . গু . কত ?,১,৩,৭,২১,গ,৭,
৫,"৫. ২৮ , ৪৮ , ৭২  ও  ৯৬  এর  গ . সা . গু . কত ?",৪,৮,৬,২,ক,৪,
৬,"৬. ৪২ , ৪৮  ও  ৫৬ - এর  গ . সা . গু . কত ?",২,৪,১৬,৪২,ক,২,
৭,"৭. ৩ , ১২ , ১৫ , ২১  এর  সাধারণ  গুণনীয়ক  কোনটি ?",২,৪,৩,৫,গ,৩,
৮,৮. দুইটি  সংখ্যার  গুণফল  ১০৮।  একটি  সংখ্যা  ১২  হলে  সংখ্যা  দুটির  গ . সা . গু . কত ?,১,২,৩,৯,গ,৩,
৯,৯. গ . সা . গু . এর  পূর্ণরূপ  কী ?,লঘিষ্ঠসাধারণগুণিতক,গরিষ্ঠসাধারণগুণনীয়ক,গরিষ্ঠসাধারণগুণিতক,লঘিষ্ঠসাধারণগুণনীয়ক,খ,গরিষ্ঠসাধারণগুণনীয়ক,
১০,"১০. দুই  বা  ততোধিক  সংখ্যার  সাধারণ  গুণনীয়ক  যদি  ১  হয় , তবে  সংখ্যাদ্বয়  পরস্পর  কীরূপ ?",জোড়সংখ্যা,বিজোড়সংখ্যা,ভগ্নাংশসংখ্যা,সহমৌলিকসংখ্যা,ঘ,সহমৌলিকসংখ্যা,
১১,"১১. ১২ , ৩০  এর  গরিষ্ঠ  সাধারণ  গুণনীয়ক  কোনটি ?",২,৩,৬,১২,গ,৬,
১২,১২. দুইটি  সংখ্যার  সাধারণ  মৌলিক  গুণনীয়ক  না  থাকলে  তাদের  গ . সা . গু . কত ?,০,১,২,৩,খ,১,
১৩,"১৩. ১২ , ১৮  এবং  ৪৮  এর  গ . সা . গু  কত ?",৩,৬,৮,১২,খ,৬,
১৪,"১৪. ৮  , ১৫ , ২১  এর  গ . সা . গু . নিচের  কোনটি ?",১,৩,৫,কোনটিইনয়,ক,১,
১৫,১৫. নিচের  কোন  দুইটি  সংখ্যার  গ . সা . গু . ১৩ ?,"১৮২,১৯৪","৩২৩,৪৩৭","১১৭,২২১","১৬৯,১৯৬",গ,"১১৭,২২১",
১৬,১৬. কোন  বৃহত্তম  সংখ্যা  দ্বারী  ৩৬৫  ও  ৪৬৩  কে  ভাগ  করলে  ভাগশেষ  যথাক্রমে  ৫  ও  ৭  থাকে ?,৪২,২৮,২৪,৩৫,গ,২৪,
১৭,১৭. ১০০৮  ও  ৯৯৮  এর  সাধারণ  মৌলিক  গুণণীয়ক  কত ?,২,৩,৪,৭,ক,২,
১৮,১৮. ১৮  এর  কয়টি  গুণনীয়ক  আছে ?,৩,৪,৫,৬,ঘ,৬,
১৯,১৯. নিচের  কোন  সংখ্যা  দ্বারা  ১৮  এবং  ৩৩  কে  ভাগ  করলে  প্রতিক্ষেত্রে  ৩  অবশিষ্ট  থাকে ?,২,৩,৫,২০,গ,৫,
২০,"২০. ভিন্ন  আকৃতির  তিনটি  ড্রামে  যথাক্রমে  ১২ , ১৫  ও  ২১  লিটার  পানি  ধরে , সর্বাধিক  কত  লিটারের  জগ  দ্বারা  পাত্র  তিনটি  পূরণ  করা  যাবে ?",২,৩,৪,৮,খ,৩,
২১,২১. একটি  লোহার  পাত  ও  তামার  পাতের  দৈর্ঘ্য  যথাক্রমে  ১২৬  সে . মি . এবং  ১৬২  সে . মি . ।  পাত  দুইটি  থেকে  কেটে  নেওয়া  একই  মাপের  সবচেয়ে  বড়  টুকরাটি  কত  দৈর্ঘ্যের ?,৭,৮,৯,১৮,ঘ,১৮,
২২,২২. ৬৪  এর  মৌলিক  গুণনীয়কে  কয়  জোড়া  ২  বিদ্যমান ?,১,২,৩,৪,গ,৩,
২৩,"২৩. কোন  বৃহত্তম  সংখ্যা  দ্বারা  ৬৩ , ১৪৭  ও  ২৩১  কে  ভাগ  করলে  কোনো  ভাগশেষ  থাকবে  না ?",৭,১৪,২১,২৮,গ,২১,
২৪,২৪. একটি  বৃহত্তম  সংখ্যা  ' ক ' দ্বারা  ১১০  ও  ১৯৪  কে  ভাগ  করলে  যদি  প্রত্যেকবার  ভাগশেষ  ২  থাকে  তবে - ‘ ক ’ হবে  ১০৮  ও  ১৯০  এর  ল . সা . গু .  ‘ ক ’ হবে  ১০৮  ও  ১৯২  এর  গ . সা . গু . ‘ক’ = ১২ নিচের  কোনটি  সঠিক ?,iওii,iওiii,iiওiii,"i, iiওiii",গ,iiওiii,
২৫,"২৫. ৪৮  ও  ৭২  এর - মৌলিক  গুণনীয়কগুলো  যথাক্রমে  ২ , ২ , ২ , ২ , ৩  এবং  ২ , ২ , ২ , ৩ , ৩ সাধারণ  মৌলিক  গুণনীয়কগুলো  হলো  ২ , ২ , ২ . ৩",iওii,iওiii,iiওiii,"i, iiওiii",ঘ,"i, iiওiii",
২৬,২৬. ৬  ও  ৯  এর -,iওii,iওiii,iiওiii,"i, iiওiii",ঘ,"i, iiওiii",
২৭,২৭. সবচেয়ে  বেশি  কয়জন  ছাত্রের  মধ্যে  ঐ  ফলগুলো  সমানভাবে  ভাগ  করে  দেওয়া  যাবে ?,০,১,২,৩,ঘ,৩,
২৮,২৮. প্রত্যেক  ছাত্র  কয়টি  লিচু  পাবে ?,১টি,২টি,৪টি,৫টি,গ,৪টি,
৫২৫,"৫২৫ , ৪৯৫  ও  ৫৭০  তিনটি  সংখ্যা। ২৯. তৃতীয়  সংখ্যাটির  মৌলিক  উৎপাদক  কয়টি ?",৩,৪,৫,৬,খ,৪,
৩০,৩০. দ্বিতীয়  সংখ্যাটির  সর্বোচ্চ  মৌলিক  উৎপাদক  কোনটি ?,৩,৫,১১,১৯,গ,১১,
৩১,৩১. সংখ্যা  তিনটির  গ . সা . গু . কত ?,৩,১৫,২৫,৩৫,খ,১৫,
৩২,৩২. সংখ্যা  তিনটির  গ . সা . গু . কত ?,১,২,৩,৪,ক,১,
৩৩,৩৩. কত  ঘণ্টা  পর  ঘণ্টাগুলো  আবার  একত্রে  বাজবে ?,৩,৩(১)/(২)১২,৪,৪(১)/(২)১২,খ,৩(১)/(২)১২,
৩৪,৩৪. ইউক্লিডীয়  প্রক্রিয়ায়  ল . সা . গু . নির্ণয়ের  ক্ষেত্রে  কমপক্ষে  কয়টি  সংখ্যার  সাধারণ  গুণনীয়ক  দ্বারা  ভাগ  করতে  হয় ?,২টি,৩টি,সবসংখ্যার,১টি,ক,২টি,
৩৫,৩৫. ল . সা . গু . এর  পূর্ণ  অর্থ  কোনটি ?,লঘিষ্ঠসাধারণগুণিতক,লঘিষ্ঠসাধারণগুণনীয়ক,গরিষ্ঠসাধারণগুণিতক,গরিষ্ঠসাধারণগুণনীয়ক,ক,লঘিষ্ঠসাধারণগুণিতক,
৩৬,৩৬. নিচের  কোনগুলো  ৪  এর  গুণিতক ?,"২,৪","৪,৬","৮,১৪","৮,১৬",ঘ,"৮,১৬",
৩৭,"৩৭. ৩০ , ৩৬  ও  ৪০  এর  ল . সা . গু . কোনটি ?",৪০,৮০,১২০,৩৬০,ঘ,৩৬০,
৩৮,"৩৮. ৮ , ১২  ও  ১৮  এর  ল . সা . গু  কত ?",১৮,৩৬,৭২,৯৬,গ,৭২,
৩৯,৩৯. ৮  এর  লঘিষ্ঠ  গুণিতক  কোনটি ?,২৪,৩২,৩০,১৬,ঘ,১৬,
৪০,৪০. ১৬  ও  ২৩  এর  ল . সা . গু . কত ?,১,১৮,১৯,৩৬৮,ঘ,৩৬৮,
৪১,৪১. নিচের  কোন  সংখ্যাগুলোর  ল . সা . গু . ৬০ ?,"১৫,১৬","১২,১৫","১২,১৮","১৮,২৪",খ,"১২,১৫",
৪২,"৪২. ১২ , ২৪  ও  ৩২  এর  ল . সা . গু . কত ?",৬০,৭২,১২০,৯৬,ঘ,৯৬,
৪৩,৪৩. ইউক্লিডীয়  পদ্ধতিতে  ৩০  ও  ৩৫  এর  ল . সা . গু  কত ?,১৪০,২১০,৩৩০,৮৩১৫,খ,২১০,
৪৪,৪৪. কোন  ক্ষুদ্রতম  সংখ্যার  সাথে  ১২  যোগ  করলে  যোগফল  ৩২  ও  ৩৬  দ্বারা  নিঃশেষে  বিভাজ্য  হবে ?,১৬০,২৪০,২৭৬,৪৮০,গ,২৭৬,
৪৫,"৪৫. ৬৩৯  এর - সাধারণ  গুণিতকগুলো  ৯ , ১৮ , ২৭  ও  ৩৬ সাধারণ  গুণিতকগুলোর  মধ্যে  সবচেয়ে  ছোট  গুণিতক  ১৮ ল . সা . গু . র  দ্বিগুণ = ৩৬ নিচের  কোনটি  সঠিক ?",iওii,iওiii,iiওiii,"i, iiওiii",গ,iiওiii,
৪৬,"৪৬. ৪৮ , ৫৬  ও  ৭২  সংখ্যাগুলোতে - ৪৮  এর  মৌলিক  গুণনীয়কগুলো  হলো  ২ × ২ × ২ × ২ × ৩ ৩য়  সংখ্যাটির  মৌলিক  গুণনীয়কে  ২য়  সংখ্যাটি  অপেক্ষা  একটি  ২  অধিক  আছে ল . সা . গু  ১০০৮ নিচের  কোনটি  সঠিক ?",iওii,iওiii,iiওiii,"i, iiওiii",খ,iওiii,
৪৭,"৪৭. ৩৫ , ১৫ , ২০  তিনটি  পূর্ণসংখ্যা  হলে - ল . সা . গু . ৪০",iওii,iওiii,iiওiii,"i, iiওiii",গ,iiওiii,
৪৮,৪৮. ইউক্লিডীয়  প্রক্রিয়ায়  ল . সা . গু . নির্ণয়ের  ক্ষেত্রে - ভাগ  করতে  করতে  সবার  নিচের  সারির  সংখ্যাগুলো  সহমৌলিক  হবে সহমৌলিকগুলোর  ধারাবাহিক  গুণফলই  নির্ণেয়  ল . সা . গু . সহমৌলিকগুলো  ও  ভাজকগুলোর  ধারাবাহিক  গুণফলই  নির্ণেয়  ল . সা . গু . নিচের  কোনটি  সঠিক ?,iওii,iওiii,iiওiii,"i, iiওiii",খ,iওiii,
৩০,৩০  ও  ৪৫  দুটি  সংখ্যা। ৪৯. ৩০  এর  মৌলিক  গুণনীয়কের  সংখ্যা  কতটি ?,৮,৭,৬,৩,ঘ,৩,
৫০,৫০. সংখ্যা  দুটির  ল . সা . গু . ও  গ . সা . গু . এর  পার্থক্য  কত ?,১৫,৭৫,৯০,১০৫,খ,৭৫,
৫১,৫১. সংখ্যা  দুইটির  গরিষ্ঠ  সাধারণ  গুণনীয়ক  কত ?,৮,১৬,২৪,৩২,খ,১৬,
৫২,৫২. বৃহত্তম  সংখ্যাটির  গুণিতক  কোনটি ?,৪৮,৩২,১৬,৪,ক,৪৮,
১৩,"১৩ , ৩৯ , ৫২ ৫৩. নিচের  কোনটি  ১ম  সংখ্যাটির  গুণিতক ?",১,১৯,১৩,৩৮,গ,১৩,
৫৪,৫৪. সংখ্যাগুলোর  ল . সা . গু .  কত ?,১০৪,১৬৯,১৩,১৫৬,ঘ,১৫৬,
৫৫,৫৫. দুইটি  সংখ্যার  গ . সা . গু  ও  ল . সা . গু . এর  গুণফল  ১০৮।  একটি  সংখ্যা  ১২  হলে  অপর  সংখ্যাটি  কত ?,৯,১২,১৬,১৮,ক,৯,
৫৬,"৫৬. দুইটি  সংখ্যার  গুণফল  ৭২ , এদের  গ . সা . গু  ১  হলে  ল . সা . গু . কত ?",১,৮,৯,৭২,ঘ,৭২,
৫৭,৫৭. দুইটি  সংখ্যার  ল . সা . গু . ২৪  এবং  গ . সা . গু . ৪।  সংখ্যা  দুইটির  গুণফল  কত ?,৪৮,৭২,৯৬,১২০,গ,৯৬,
৫৮,৫৮. দুইটি  সংখ্যা  p ও  q  এবং  সংখ্যাদ্বয়ের  ল . সা . গু . ও  গ . সা . গু . যথাক্রমে  c ও  d  হলে  নিচের  কোনটি  সত্য ?,cp =dq,c × d = p × q,C + p = d + q,(p)/(d)pd=(p)/(q)pq,খ,c × d = p × q,
৫৯,৫৯. দুইটি  সংখ্যার  গুণফল  ৫২  এবং  গ . সা . গু  ৪  হলে  ল . সা . গু  কত ?,২৬,১৩,৭,৪,খ,১৩,
৬০,৬০. দুইটি  সংখ্যার  গ . সা . গু . ১২  এবং  ল . সা . গু . ৮০  হলে  সংখ্যা  দুটির  গুণফল  কত ?,৯৬০,৮৬০,৭৬০,৮৭০,ক,৯৬০,
৬১,"৬১. দুটি  সংখ্যার  গুণফল  ৫৬ , গ . সা . গু . ১  হলে  সংখ্যা  দুটির  ল . সা . গু . কত ?",১,৭,৮,৫৬,ঘ,৫৬,
৬২,"৬২. দুইটি  সংখ্যার  গুণফল  ৪২।  একটি  সংখ্যা  ৬  হলে , সংখ্যা  দুইটির  গ . সা . গু . কত ?",১,৩,৬,৮,ক,১,
৬৩,৬৩. ক  এবং  ৬৪  এর  গ . সা . গু  ও  ল . সা . গু . যথাক্রমে  ৮  ও  ৩২০  হলে  ক  এর  মান  কত ?,২০,৩০,৪০,৬০,গ,৪০,
৬৪,৬৪. দুইটি  সংখ্যা  ১২  ও  ১৪  হলে  সংখ্যাদ্বয়ের - ল . সা . গু . = ৮৪,iওii,iওiii,iiওiii,"i, iiওiii",খ,iওiii,
৬৫,"৬৫. নিচের  তথ্যগুলো  লক্ষ  কর : দুইটি  সংখ্যার  গুণফল = সংখ্যা  দুইটির  ল . সা . গু . × সংখ্যা  দুইটির  গ . সা . গু লঘু  অনুপাত  একটি  সরল  অনুপাত মিশ্র  অনুপাত , সরল  অনুপাত  নাও  হতে  পারে নিচের  কোনটি  সঠিক ?",iওii,iওiii,iiওiii,"i, iiওiii",ক,iওii,
৬৬,৬৬. নিচের  তথ্যগুলো  লক্ষ  কর :,iওii,iওiii,iiওiii,"i, iiওiii",গ,iiওiii,
৬৭,৬৭. উদ্দীপকের  সংখ্যা  তিনটি  এর  ল . সা . গু . কত ?,৬,৮,৪৮,৪৮০,ঘ,৪৮০,
৬৮,৬৮. মেঝেটি  বাধাই  করলে  টাইলসের  কতগুলো  সারি  ও  কলাম  হবে ?,৬০ও৮০,৪৮ও৬০,৪২ও৪৮,৩৬ও৪২,ক,৬০ও৮০,
৬৯,৬৯. মেঝেটি  বাধাই  করতে  কতগুলো  টাইলস  লাগবে ?,৪৮০০,৫২০০,৫৪০০,৬০০০,ক,৪৮০০,
৭০,৭০. শেষ  তিনটি  সংখ্যার  ল . সা . গু . কত ?,১৬,৩২,৬৪,৯৬,ঘ,৯৬,
৭১,৭১. ক্ষুদ্রতম  সংখ্যাটি  কত ?,৯১,৯৬,১০১,১৯২,ক,৯১,
৭২,৭২. নিচের  তথ্যগুলো  লক্ষ  কর :,iওii,iওiii,iiওiii,"i, iiওiii",ক,iওii,
৭৩,"৭৩. তিনটি  ঘণ্টা  প্রথমে  একত্রে  বেজে  প্রতি  ৬ , ৯  ও  ১২  সেকেন্ড  অন্তর  বাজতে  লাগল।  ন্যূনতম  কত  সেকেন্ড  পর  ঘণ্টাগুলো  পুনরায়  আবার  একত্রে  বাজবে ?",১৮,৩৬,৪৮,৭২,খ,৩৬,
৭৪,"৭৪. দুইটি  সংখ্যার  গ . সা . গু  ১  এবং  ল . সা . গু  ৩০।  একটি  সংখ্যা  ৫  হলে , অপর  সংখ্যা  কত ?",৫,৬,১৫,২০,খ,৬,
৭৫,৭৫. কোন  বৃহত্তম  সংখ্যা  দ্বারা  ৪৬  ও  ৯১  কে  ভাগ  করলে  প্রতি  ক্ষেত্রে  ১  অবশিষ্ট  থাকে ?,৫,৯,১৫,৪৫,ঘ,৪৫,
৭৬,৭৬. নিচের  কোনটি  ১ম  সংখ্যাটির  গুণিতক ?,১,১৯,২৯,৩৮,গ,২৯,
৭৭,৭৭. সংখ্যাগুলোর  গ . সা . গু  কত ?,২৯,২৯,১৩,১,ঘ,১,
৭৮,"৭৮. ১৪ , ২১ , ৫৬  এর  ল . সা . গু  কত ?",১৬৮,১৫৮,১৪৮,১২৮,ক,১৬৮,
৭৯,৭৯. দুইটি  সংখ্যার  গুণফল  ২০৪  এবং  ল . সা . গু  ২০৪ । ছোটো  সংখ্যাটি  কত ?,১৭,১২,৮,৬,খ,১২,
৮০,"৮০. ২৮  ও  ৩৮  এর - মৌলিক  গুণনীয়কগুলো  যথাক্রমে  ২ , ২ , ৭এবং  ২ , ১৯ সাধারণ  মৌলিক  গুণনীয়কগুলো  হলো  ২",iওii,iওiii,iiওiii,"i, iiওiii",ক,iওii,
৮১,৮১. নিচের  কোন  দুইটি  সংখ্যার  গ . সা . গু  ১১ ?,"১০৫,১৬৫","৮৮,১৪৩","৩২৩,৪৩৭","৭৭,১৩৫",খ,"৮৮,১৪৩",
২৫,২৫  ও  ৪৫  দুইটি  স্বাভাবিক  সংখ্যা। ৮২. দ্বিতীয়  সংখ্যাটির  গুণনীয়ক  নিচের  কোনটি ?,২,৬,৭,৯,ঘ,৯,
৮৩,৮৩. কোন  সংখ্যাটি  প্রথম  সংখ্যার  গুণিতক ?,৪৫,৬৫,৭৫,৯০,গ,৭৫,
৮৪,৮৪. ১৮  ও  ৭  এর  ল . সা . গু  কত ?,১,৭,১৮,১২৬,ঘ,১২৬,
৮৫,৮৫. দুইটি  সংখ্যা  ক  ও  খ  হলে -,iওii,iওiii,iiওiii,"i, iiওiii",খ,iওiii,
৮৬,"৮৬. ৭ , ৩১  দুটি  মৌলিক  সংখ্যা।  সংখ্যা  দুটির  গ . সা . গু  কত ?",১,৭,৩১,২১৭,ক,১,
১,১. সাধারণ  ভগ্নাংশ  কত  প্রকার ?,দুই,তিন,চার,পাঁচ,খ,তিন,
২,২. নিচের  কোনটি  প্রকৃত  ভগ্নাংশ ?,(৭)/(১০)৭১০,১(৭)/(৮)৭৮,(১০)/(৭)১০৭,(৮)/(৭)৮৭,ক,(৭)/(১০)৭১০,
৩,৩. ক  স্বাভাবিক  সংখ্যা  হলে  নিচের  কোনটি  অপ্রকৃত  ভগ্নাংশ ?,(ক+১)/(ক+৩)ক+১ক+৩,(ক-২)/(ক-৩)ক-২ক-৩,(ক)/(ক+১)কক+১,(ক-৩)/(ক-২)ক-৩ক-২,খ,(ক-২)/(ক-৩)ক-২ক-৩,
৪,৪. নিচের  কোনটি  প্রকৃত  ভগ্নাংশ ?,(২)/(৫)২৫,১(৩)/(৫)৩৫,(১০)/(৭)১০৭,(৮)/(৭)৮৭,ক,(২)/(৫)২৫,
৫,৫. নিচের  কোনটি  মিশ্র  ভগ্নাংশ ?,২(৫)/(৩)৫৩,(৫)/(৩)৫৩,২(৩)/(৫)৩৫,৫(৩)/(২)৩২,গ,২(৩)/(৫)৩৫,
৬,৬. ভগ্নাংশ  পূর্ণসংখ্যা = কী ?,(ভগ্নাংশেরলবপূর্ণসংখ্যা)/ভগ্নাংশেরহর,(ভগ্নাংশেরলব+পূর্ণসংখ্যা)/ভগ্নাংশেরহর,(ভগ্নাংশেরলবপূর্ণসংখ্যা)/ভগ্নাংশেরহর,(ভগ্নাংশেরলবপূর্ণসংখ্যা)/ভগ্নাংশেরহর,ক,(ভগ্নাংশেরলবপূর্ণসংখ্যা)/ভগ্নাংশেরহর,
৭,৭. ১  অপেক্ষা  বড়  ভগ্নাংশকে  কি  বলে ?,অপ্রকৃতভগ্নাংশ,প্রকৃতভগ্নাংশ,মিশ্রভগ্নাংশ,অমূলদসংখ্যা,ক,অপ্রকৃতভগ্নাংশ,
৮,"৮. একটি  ভগ্নাংশের  লব  ১২  ও  হর  ১৪  হলে , ভগ্নাংশটির  মান  কত ?",(১)/(৪)১৪,(১)/(৩)১৩,(৭)/(৯)৭৯,(৬)/(৭)৬৭,ঘ,(৬)/(৭)৬৭,
৯,৯. ২(২)/(৩)২৩  সংখ্যাটিতে পূর্ণ অংশ কোনটি ?,(২)/(৩)২৩,২,১৩,৬,খ,২,
১০,১০. মিশ্র  ভগ্নাংশ = কী ?,(পূর্ণসংখ্যা × লব + হর)/(হর)পূর্ণসংখ্যা × লব + হরহর,(পূর্ণসংখ্যা × লব - হর)/(হর)পূর্ণসংখ্যা × লব - হরহর,(পূর্ণসংখ্যা ×  হর + লব )/(হর)পূর্ণসংখ্যা ×  হর + লব হর,(পূর্ণসংখ্যা × লব + লব )/(হর)পূর্ণসংখ্যা × লব + লব হর,গ,(পূর্ণসংখ্যা ×  হর + লব )/(হর)পূর্ণসংখ্যা ×  হর + লব হর,
১১,১১.  ১৭(৩)/(১৬)৩১৬  কে  অপ্রকৃত ভগ্নাংশে প্রকাশ করলে কী হবে ?,(২০৫)/(১৬)২০৫১৬,(২২৫)/(১৬)২২৫১৬,(২৪৫)/(১৬)২৪৫১৬,(২৭৫)/(১৬)২৭৫১৬,ঘ,(২৭৫)/(১৬)২৭৫১৬,
১২,১২.২  (২)/(৫)২৫  কে অপকৃত ভগ্নাংশে প্রকাশ করলে কী হবে ?,(৮)/(৫)৮৫,(১১)/(৫)১১৫,(১২)/(৫)১২৫,(১৪)/(৫)১৪৫,গ,(১২)/(৫)১২৫,
১৩,১৩.  (ক × গ + খ)/(গ)ক × গ + খগ  কে  মিশ্র  ভগ্নাংশে  প্রকাশ  করলে  কোনটি  হবে ?,ক(গ)/(খ)গখ,ক(খ)/(গ)খগ,গ(ক)/(খ)কখ,খ(ক)/(গ)কগ,খ,ক(খ)/(গ)খগ,
১৪,১৪. নিচের  কোন  ভগ্নাংশ  যুগল  সমতুল ?,(৫)/(৭)৫৭ও(১৫)/(২১)১৫২১,(৫)/(৬)৫৬ও(৫)/(১২)৫১২,(২)/(৭)২৭ও(৪)/(৭)৪৭,(৩)/(৫)৩৫ও(৩)/(১০)৩১০,ক,(৫)/(৭)৫৭ও(১৫)/(২১)১৫২১,
১৫,১৫.  (৫)/(৮)৫৮  কে  সমতুল  ভগ্নাংশে  পরিণত  করলে  কোনটি  হবে ?,,,,,খ,,
১৬,১৬. ৪০  এর  বিপরীত  ভগ্নাংশ  কোনটি ?,,,,,গ,,
১৭,১৭.  কে  মিশ্র  ভগ্নাংশে  প্রকাশ  করলে  কী  হবে ?,৩,৫,২,৩,ঘ,৩,
১৮,১৮. একটি  ভগ্নাংশের  লব  ৪  এবং  হর  ১৬  হলে  ভগ্নাংশটি  নিচের  কোনটি ?,,,,,খ,,
১৯,১৯. ভগ্নাংশকে - অনুপাতে  প্রকাশ  করা  যায় শতকরায়  প্রকাশ  করা  যায় পূর্ণ  সংখ্যার  নিয়মে  যোগ  বিয়োগ  করা  হয় নিচের  কোনটি  সঠিক ?,iওii,iiওiii,iওiii,"i, iiওiii",ক,iওii,
২০,"২০. , দুইটি  ভগ্নাংশে – ১ম  টি  প্রকৃত , ২য়  টি  অপ্রকৃত দুইটিকেই  মিশ্র  ভগ্নাংশে  পরিণত  করা  যায় অসমতুল  যুগল নিচের  কোনটি  সঠিক ?",iওii,iওiii,iiওiii,"i, iiওiii",খ,iওiii,
২১,২১. ১ম  ভগ্নাংশটি  কী  ধরনের  ভগ্নাংশ ?,প্রকৃত,অপ্রকৃত,মিশ্র,সমতুল,ক,প্রকৃত,
২২,২২. দ্বিতীয়  ভগ্নাংশকে  মিশ্র  ভগ্নাংশে  প্রকাশ  করলে  কী  হবে ?,১,১,২,২,খ,১,
২৩,২৩. দ্বিতীয়  ভগ্নাংশের  একটি  সমতুল  ভগ্নাংশ  কোনটি ?,,,,,খ,,
২৪,২৪. কোন  ভগ্নাংশটি  ছোট ?,,,,,ঘ,,
২৫,২৫. কোন  ভগ্নাংশটি  সবচেয়ে  বড় ?,,,,,ক,,
২৬,"২৬. , ,  কে  ৪৮  হর  বিশিষ্ট  ভগ্নাংশে  রূপান্তর  করলে  কোনটি  হবে ?",",,",",,",",,",",,",খ,",,",
২৭,২৭. কোন  ভগ্নাংশটি  ছোট ?,,,,,ক,,
২৮,২৮. কোন  ভগ্নাংশটি  ছোট ?,,,,,ঘ,,
২৯,"২৯. , , ভগ্নাংশগুলিকে  সমহর  বিশিষ্ট  ভগ্নাংশে  প্রকাশ  কোনটি ?",",,",",,",",,",",,",খ,",,",
৩০,"৩০. , , ও এই  ভগ্নাংশগুলোকে  মানের  অধঃক্রম  অনুসারে  সাজালে  কোনটি  সঠিক ?",>>>,>>>,>>>,>>>,খ,>>>,
৩১,৩১. কোন  ভগ্নাংশটি  বড় ?,,,,,ক,,
৩২,"৩২. ,  ,  ভগ্নাংশগুলোর  হরগুলোর  ল . সা . গু . কত ?",২৪,৪৮,৫৬,৯৬,খ,৪৮,
৩৩,৩৩. নিচের  কোন  ভগ্নাংশটি  বড় ?,,,,,ক,,
৩৪,"৩৪. ,  ,  ও ভগ্নাংশগুলোকে  মানের  অধঃক্রম  অনুসারে  সাজালে  নিচের  কোনটি  সঠিক ?",>>>,>>>,>>>,>>>,ক,>>>,
৩৫,৩৫. নিচের  কোনটি  সমলব  বিশিষ্ট  ভগ্নাংশ  যুগল ?,",",",",",",",",খ,",",
৩৬,৩৬. নিচের  তথ্যগুলো  লক্ষ  কর : < = =  নিচের  কোনটি  সঠিক ?,iওiii,iওii,iiওiii,"i, iiওiii",খ,iওii,
৩৭,৩৭. মিশ্র  ভগ্নাংশের  ক্ষেত্র - মান  সর্বদা  ১  অপেক্ষা  বড় একটি  পূর্ণ  অংশ  ও  একটি  ভগ্নাংশ  থাকে মিশ্র  ভগ্নাংশ =  নিচের  কোনটি  সঠিক ?,iওii,iওiii,iiওiii,"i, iiওiii",ঘ,"i, iiওiii",
৩৮,৩৮. ভগ্নাংশের  হরগুলোর  ল . সা . গু . কত ?,৩,৬,৯,১৮,ঘ,১৮,
৩৯,"৩৯. ভগ্নাংশগুলোকে  সমহরবিশিষ্ট  করলে , নিচের  কোনটি  সঠিক ?",",,",",,",",,",",,",ক,",,",
৪০,৪০. ভগ্নাংশগুলোকে  মানের  অধঃক্রমে  সাজালে  নিচের  সঠিক ?,",,",",,",",,",",,",খ,",,",
৪১,৪১. ভগ্নাংশগুলিকে  অধঃক্রমে  সাজালে  নিচের  কোনটি  সঠিক ?,>>,>>,>>,>>,খ,>>,
৪২,৪২. ভগ্নাংশগুলো  কোন  ধরনের ?,সমলববিশিষ্ট,সমহরবিশিষ্ট,মিশ্র,সমতুল,ক,সমলববিশিষ্ট,
৪৩,৪৩. ভগ্নাংশগুলোর  হরগুলোর  ঊর্ধ্বক্রম  কোনটি ?,৩<৩<৩,৪<৭<১০,১০>৭>৪,১০<৭<৪,খ,৪<৭<১০,
৪৪,৪৪. ভগ্নাংশগুলোকে  ঊর্ধ্বক্রমে  সাজালে  নিচের  কোনটি  সঠিক ?,<<,<<,<<,<<,খ,<<,
৪৫,৪৫. ২ + = কত ?,,,,,খ,,
৪৬,৪৬. ১২  কেজি +  কেজি + কেজি = কত ?,১২কেজি,১২কেজি,১২কেজি,১২কেজি,খ,১২কেজি,
৪৭,৪৭. ৪ - = কত ?,,,,,ক,,
৪৮,৪৮. ৩  ও  এর  বিপরীত  ভগ্নাংশের  যোগফল  কত ?,১,৩,,,ঘ,,
৪৯,৪৯. এর  সাথে  এর  বিপরীত  ভগ্নাংশের  যোগফল  কত  হবে ?,,,,,ঘ,,
৫০,৫০. ২ + ১ = কত ?,৩,৩,৩,৫,খ,৩,
৫১,৫১. + = কত ?,১,৩,৫,৭,ক,১,
৫২,৫২. ২ + = কত ?,,,,,ঘ,,
৫৩,৫৩. + - = কত ?,,,,,ঘ,,
৫৪,৫৪. ২ + ১ -  এর  সরল  মান  কোনটি ?,,,,,গ,,
৫৫,৫৫. ৫  মিটার  বাঁশের   মিটার  রং  করা  হয়েছে।  বাঁশটির  কত  মিটার  রং  করা  হয়নি ?,৩মিটার,২মিটার,২মিটার,মিটার,ক,৩মিটার,
৫৬,৫৬. ২৫  মিটার  বাঁশের  রং  করা  অংশের  পরিমাণ   মিটার।  বাঁশটির  কত  অংশ  রং  করা  বাকি  রইল ?,,,,,ক,,
৫৭,৫৭. ১ - = কত ?,,,,,ক,,
৫৮,৫৮. - = কত ?,,,,,ক,,
৫৯,৫৯. ৩ - ১ এর  বিয়োগফল  কত ?,১,১,১,২,ঘ,২,
৬০,"৬০. ,  ও ভগ্নাংশগুলোর - প্রত্যেকে  প্রকৃত  ভগ্নাংশ লবগুলোর  যোগফল  ১৮ বৃহত্তম নিচের  কোনটি  সঠিক ?",iওii,iiওiii,iওiii,"i, iiওiii",ঘ,"i, iiওiii",
৬১,"৬১. ,  ও  ভগ্নাংশগুলোর - প্রত্যেকে  সমহর  বিশিষ্ট যোগফল  একটি  প্রকৃত  ভগ্নাংশ",iওii,iiওiii,iওiii,"i, iiওiii",গ,iওiii,
৬২,"৬২. ,  ও  ভগ্নাংশগুলোর - হরগুলোর  ল . সা . গু .  ৪ সমহর  রূপ  ,  , যোগফল  একটি  অপ্রকৃত  ভগ্নাংশ নিচের  কোনটি  সঠিক ?",iওii,iiওiii,iওiii,"i, iiওiii",গ,iওiii,
৬৩,৬৩. ভগ্নাংশ  দুইটি  কোন  ধরনের ?,প্রকৃত,অপ্রকৃত,মিশ্র,দশমিক,ক,প্রকৃত,
৬৪,৬৪. প্রথম  ভগ্নাংশের  বিপরীত  ভগ্নাংশ  নিচের  কোনটি ?,,,,,গ,,
৬৫,৬৫. ভগ্নাংশ  দুটির  যোগফল  কোন  ধরনের  ভগ্নাংশ ?,প্রকৃত,অপ্রকৃত,মিশ্র,দশমিক,খ,অপ্রকৃত,
৬৬,৬৬. মায়ের  নিকট  প্রাপ্ত  স্বর্ণের  পরিমাণকে  অপ্রকৃত  ভগ্নাংশে  প্রকাশ  করলে  কী  হয় ?,,,,,খ,,
৬৭,৬৭. আমিনা  তার  মা  ও  ভাইয়ের  কাছ  থেকে  মোট  কত  গ্রাম  স্বর্ণ  পেল ?,,,,,গ,,
৬৮,৬৮. বাবার  কাছ  থেকে  কত  গ্রাম  স্বর্ণ  পেলে  ৩০০  গ্রাম  স্বর্ণ  হবে ?,,,,,ক,,
৬৯,৬৯. রহমান  সাহেব  তার  সম্পত্তির  মোট  কত  অংশ  দান  করলেন ?,,,,,ঘ,,
৭০,৭০. তাঁর  অবশিষ্ট  সম্পত্তি  কত  অংশ ?,,,,,ক,,
৭১,৭১. তাঁর  মোট  সম্পত্তির  মূল্য  কত  টাকা ?,৭০.০০০,"৭৫,০০০","৮০,০০০","৮৫,০০০",গ,"৮০,০০০",
৭২,৭২. ও কে  সমহর  বিশিষ্ট  ভগ্নাংশে  প্রকাশ  করলে  কি  হবে ?,",",",",",",",",গ,",",
৭৩,৭৩. ২ + ১ = কত ?,৫,৩,৩,৩,গ,৩,
৭৪,৭৪. একটি  ভগ্নাংশের  লব  ৪  ও  হর  ৩২  হলে  ভগ্নাংশটি  নিচের  কোনটি ?,,,,,ঘ,,
৭৫,৭৫. ১২ কে  অপ্রকৃত  ভগ্নাংশে  প্রকাশ  করলে  কী  হবে ?,,,,,ঘ,,
৭৬,"৭৬. , , ও এই  ভগ্নাংশগুলোকে  মানের  ঊর্ধ্বক্রম  অনুসারে  সাজালে  কোনটি  সঠিক ?",>>>,<<<,>>>,<<<,ঘ,<<<,
৭৭,৭৭. নিচের  কোনটি  অপ্রকৃত  ভগ্নাংশ ?,,,,,গ,,
৭৮,৭৮. ২ + = কত ?,,,,,খ,,
৭৯,৭৯. ও এর  বিপরীত  ভগ্নাংশের  যোগফল  কত ?,৫,৫,৫,৫,ক,৫,
৮০,৮০. রাসেল  তার ৫০ পৃষ্ঠা  বাড়ির  কাজের ২০ পৃষ্ঠা  সম্পন্ন  করেছে।  তার  আর  কত  পৃষ্ঠা  বাড়ির  কাজ  বাকি  রইল ?,২৯,২৯,২৯,৩০,গ,২৯,
৮১,"৮১. , ও ভগ্নাংশের  ক্ষেত্রে : ১ম  ও  ২য়  ভগ্নাংশ  সমতুল ১ম  ও  ২য়  ভগ্নাংশের  যোগফল  তৃতীয়  ভগ্নাংশ  অপেক্ষা  ছোট  ৩য়  ভগ্নাংশটি  একটি  প্রকৃত  ভগ্নাংশ নিচের  কোনটি  সঠিক ?",iওii,iওiii,iiওiii,"i, iiওiii",ক,iওii,
৮২,"৮২. , ও ভগ্নাংশগুলোর - সমহর  রূপ  , ও হরগুলির  ল . সা . গু . ১৪ ১ম  ভগ্নাংশ + দ্বিতীয়  ভগ্নাংশ = ১ নিচের  কোনটি  সঠিক ?",iওii,iওiii,iiওiii,"i, iiওiii",ঘ,"i, iiওiii",
৮৩,৮৩. গণিত  এবং  ইংরেজি  অধ্যয়নে  সে  কত  সময়  ব্যয়  করে ?,১৫,১৫,১৬,১৬,ক,১৫,
৮৪,৮৪. সে  কত  ঘন্টা  সময়  অন্য  কাজকর্ম  করে ?,১৫,১৫,১৬,৭,গ,১৬,
৮৫,৮৫. বোন  অপেক্ষা  ভাই  কত  গ্রাম  স্বর্ণ  কম  পেল ?,২,২,২,২,ঘ,২,
৮৬,৮৬. বোন  ও  বাবা  মোট  কি  পরিমাণ  স্বর্ণ  পেল ?,৩৩,৩৩,৩৪,৩৪,গ,৩৪,
১,১. × ৬ = কত ?,,,২,২,গ,২,
২,২. × ৯২ = কত ?,৫২,৫৬,৬০,৬৪,ঘ,৬৪,
৩,৩. ‘ এর ’ এর  গাণিতিক  প্রয়োগ  নিচের  কোনটির  অনুরূপ ?,যোগ,বিয়োগ,গুণ,ভাগ,গ,গুণ,
৪,৪. ( ৬ এর ২ ) এর  মান  কোনটি ?,৭,১৪,২২,৪৩,খ,১৪,
৫,৫. ২ × ১ =?,,,,৪,ঘ,৪,
৬,৬. এর ২ = কত ?,,,,,খ,,
৭,৭. × ২ = কত ?,,,,,ক,,
৮,৮. ও এর  গুণফল  কত ?,,,,,ক,,
৯,৯. ২ × = কত ?,,,,,গ,,
১০,১০. এর  ( + ) এর  সরলমান  কত ?,,,,,ক,,
১১,১১. ২  এর  বিপরীত  ভগ্নাংশ  কোনটি ?,,,,,খ,,
১২,১২.  এর  সাথে  এর  বিপরীত  ভগ্নাংশের  গুণফল  কত  হবে ?,,৩,৩,১,ঘ,১,
১৩,১৩. একটি  বর্গক্ষেত্রের  বাহুর  দৈর্ঘ্য   মিটার  হলে  এর  ক্ষেত্রফল  কত  বর্গ  মিটার ?,,,,,খ,,
১৪,১৪. ১ ও ২  ভগ্নাংশদ্বয়ের  ক্ষেত্রে - প্রথমটি  প্রকৃত  ভগ্নাংশ যোগফল ৩,iওii,iiওiii,iওiii,"i, iiওiii",খ,iiওiii,
১৫,১৫. ৩ ও ভগ্নাংশদ্বয়ের - বিয়োগফল  প্রকৃত  ভগ্নাংশ,iওii,iiওiii,iওiii,"i, iiওiii",ঘ,"i, iiওiii",
১৬,১৬. মাঠের  ক্ষেত্রফল  কত  বর্গমিটার ?,৩৮,২৮,৯,৮,ক,৩৮,
১৭,১৭. মাঠের  পরিসীমা  কত  মিটার ?,২৩,২৪,২৫,২৬,ঘ,২৬,
১৮,১৮. কে  ৪  দ্বারা  ভাগ  করলে  ভাগফল  কত  হবে ?,,,১,,খ,,
১৯,১৯. ৩ ÷ = কত ?,৩,৪,৩,৫,ক,৩,
২০,২০. ÷ = কত ?,১৫,২,,,ক,১৫,
২১,২১. ১ ÷ ২ = কত ?,,,,,খ,,
২২,২২. - = কত ?,,,,,গ,,
২৩,২৩. কে ১ দ্বারা  ভাগ  করলে  ভাগফল  নিচের  কোনটি ?,,,,,খ,,
২৪,২৪. ৬ ÷ ৪ = কত ?,,,,,ঘ,,
২৫,"২৫. একর , ২১  একর  জমির  কত  অংশ ?",,,,,গ,,
২৬,২৬. ১ এর ÷ এর  মান  কোনটি ?,১,২,৩,৫,গ,৩,
২৭,২৭. দুইটি  ভগ্নাংশের  গুণফল ৮ । একটি  ভগ্নাংশ ৩ হলে  অপরটি  কত ?,৪,৪,৩,২,ঘ,২,
২৮,২৮. ভাজক ১০ এবং  ভাগফল ৩ হলে  ভাজ্য  কত ?,৩৫,৩৫,৩৫,৩৫,ক,৩৫,
২৯,২৯. একটি  বর্গাকার  ইটের  ক্ষেত্রফল ২৪ বর্গমিটার  এবং  প্রস্থ ৫ মিটার।  ইটের  দৈর্ঘ্য  কত  মিটার ?,৩,৬,৯,১২,গ,৯,
৩০,"৩০. রাকিব  সাহেবের  সম্পত্তির  অংশের  মূল্য  ৬০ , ০০০  টাকা  হলে , মোট  সম্পত্তির  মূল্য  কত  টাকা ?",৩২০০০০,৩৫০০০০,৪২৫০০০,৪৮০০০০,ঘ,৪৮০০০০,
৩১,৩১. ক = এবং খ = ১ হলে-,iওii,iiওiii,iওiii,"i, iiওiii",গ,iওiii,
৩২,৩২. ভাগফল  নিচের  কোনটি ?,,,,,খ,,
৩৩,৩৩. ভাজ্য  কত ?,,১,২,৩,ঘ,৩,
৩৪,৩৪. বাগানটির  দৈর্ঘ্য  কত  মিটার ?,,,,,ক,,
৩৫,৩৫. বাগানটির  পরিসীমা  কত  মিটার ?,২৩,১৩,৩,৩,খ,১৩,
৩৬,"৩৬. একটি  ভগ্নাংশ  অপর  একটি  ভগ্নাংশ  দ্বারা  নিঃশেষে  বিভাজ্য  হলে , প্রথম  ভগ্নাংশটি  দ্বিতীয়  ভগ্নাংশের -",গুণনীয়ক,গুণিতক,ভাজক,ভাগফল,খ,গুণিতক,
৩৭,৩৭.  এর  গুণনীয়ক  নিচের  কোনটি ?,,,,,ঘ,,
৩৮,৩৮. এর  গুণিতক  নিচের  কোনটি ?,১৫,৮,,,গ,,
৩৯,৩৯. এর  গুণনীয়ক  কোনটি ?,,,,,ক,,
৪০,"৪০. , , ভগ্নাংশগুলোর  গুণনীয়ক  কত ?",,,,,ঘ,,
৪১,"৪১. ১ , ৪ , ৩ ভগ্নাংশগুলোর  সাধারণ  গুণনীয়ক  কত ?",,,,,ঘ,,
৪২,"৪২. , ,  ভগ্নাংশত্রয়ের - হরগুলোর  ল . সা . গু . ১৯৫ সবগুলোর  গ . সা . গু . ৪",iওii,iiওiii,iওiii,"i, iiওiii",ঘ,"i, iiওiii",
৪৩,৪৩. উপরের  প্রদত্ত  ভগ্নাংশ  দুইটির  গুণনীয়ক  নিচের  কোনটি ?,,,,,খ,,
৪৪,৪৪. উপরে  প্রদত্ত  ভগ্নাংশ  দুইটির  সাধারণ  গুণিতক  নিচের  কোনটিকঠিন,,,,,খ,,
৪৫,৪৫. ভগ্নাংশগুলোর  একটি  সাধারণ  গুণিতক  কোনটি ?,,,,,ঘ,,
৪৬,৪৬. ভগ্নাংশগুলোর  একটি  সাধারণ  গুণনীয়ক  নিচের  কোনটি ?,,,,,ঘ,,
৪৭,৪৭. ও এর  হরগুলোর  গ . সা . গু . কত ?,৭,১২,১৩,৫২,গ,১৩,
৪৮,৪৮. ও এর  বিপরীত  ভগ্নাংশের  গ . সা . গু . কোনটি ?,,,,,ক,,
৪৯,৪৯. ও এর  গ . সা . গু . কত ?,,,,,ক,,
৫০,"৫০. , , ভগ্নাংশগুলোর  গ . সা . গু . কোনটি ?",,,,,খ,,
৫১,"৫১. ৮, ২ ,  এর  গ . সা . গু . কত ?",,,,,ক,,
৫২,"৫২. কোন  বৃহত্তম  সংখ্যা  দিয়ে  , এবং ২ কে  ভাগ  করলে  প্রত্যেক  ক্ষেত্রে  ভাগফল  পূর্ণসংখ্যা  হবে ?",,,,,ঘ,,
৫৩,"৫৩. , , ভগ্নাংশগুলোর - দুইটি  সাধারণ  গুণনীয়ক  এবং",iওii,iiওiii,iওiii,"i, iiওiii",ক,iওii,
৫৪,৫৪. ৩য়  ভগ্নাংশ ÷  ১ম  ভগ্নাংশ  এর  মান -,৩০,৩২,৩৩,৩৪,ঘ,৩৪,
৫৫,৫৫. ভগ্নাংশগুলোর  লবের  গ . সা . গু . কত ?,৭,৫,৩,১,ঘ,১,
৫৬,"৫৬. কোন  বৃহত্তম  সংখ্যা  দিয়ে  ভগ্নাংশগুলিকে  ভাগ  করলে , প্রত্যেক  ক্ষেত্রে  ভাগফল  পূর্ণসংখ্যা  হবে ?",২৬০,১৬০,,,ঘ,,
৫৭,"৫৭. ৫, , এর  ল . সা . গু . কোনটি ?",,,,,ঘ,,
৫৮,৫৮. এবং   এর  ল . সা . গু . নিচের  কোনটি ?,৫,৬,৭,১৩,খ,৬,
৫৯,"৫৯. নিচের  কোনটি  ক্ষুদ্রতম  সংখ্যা  সংখ্যা  , এবং  দ্বারা  বিভাজ্য ?",,,,,ক,,
৬০,"৬০. ৫ , ১  এর  ল . সা . গু . = কত ?",১৫,১৫,৩,৫,ক,১৫,
৬১,৬১. ৭ এবং ৪ এর  ল . সা . গু . কত ?,,৭,,৫০,ঘ,৫০,
৬২,৬২. কোন  ক্ষুদ্রতম  সংখ্যা ৭ ও ভগ্নাংশ  দ্বারা  বিভাজ্য ?,,,,,গ,,
৬৩,"৬৩. , , এর  ল . সা . গু . নিচের  কোনটি ?",,,,১০৫,গ,,
৬৪,"৬৪. , ,  এর ল.সা.গু. নিচের কোনটি ?",,,,,ক,,
৬৫,"৬৫. , ,  এর  ল . সা . গু .  কোনটি ?",১,১,১,১,ক,১,
৬৬,"৬৬. , ,  ভগ্নাংশগুলোর  হরের  ল . সা . গু . এর  বিপরীত  ভগ্নাংশ  নিচের  কোনটি ?",,১,১৫,,ঘ,,
৬৭,"৬৭. , ও  এর  ল . সা . গু . নিচের  কোনটি ?",,,২,৩,গ,২,
৬৮,"৬৮. , , এর  ল . সা . গু . কোনটি ?",,,,,ঘ,,
৬৯,"৬৯. , , ভগ্নাংশগুলোর  গুণিতক  সমূহের  মধ্যে  সবচেয়ে  ছোট  কোনটি ?",,,,,ক,,
৭০,"৭০. নিচের  কোন  ক্ষুদ্রতম  সংখ্যা ৩ , ৪ , ১ দ্বারা  বিভাজ্য ?",৬৪,৩২,১৬,৮,খ,৩২,
৭১,"৭১. , ও হচ্ছে  তিনটি  ভগ্নাংশ। ভগ্নাংশ  তিনটির  হরের  ল . সা . গু . = ১৫  ভগ্নাংশ  তিনটির  লবের  গ . সা . গু . = ২ ভগ্নাংশ  তিনটির  ল . সা . গু . = ৮ নিচের  কোনটি  সঠিক ?",iওii,iiওiii,iওiii,"i, iiওiii",ঘ,"i, iiওiii",
৭২,"৭২. , ,  ভগ্নাংশগুলোর - যোগফল  সমহর  রূপ  , , ল . সা . গু  নিচের  কোনটি  সঠিক ?",iওii,iiওiii,iওiii,"i, iiওiii",ঘ,"i, iiওiii",
২,"২ , ৫ , ৩ , ৩ ৭৩. প্রদত্ত  ভগ্নাংশগুলির  ল . সা . গু . কত ?",,,,,ক,,
৭৪,৭৪. প্রদত্ত  ভগ্নাংশগুলির  গ . সা . গু . কত ?,,,,,ঘ,,
৭৫,৭৫. BODMAS শব্দে  S  দ্বারা  কি  বুঝানো  হয়েছে ?,গুণ,ভাগ,বিয়োগ,যোগ,গ,বিয়োগ,
৭৬,৭৬.  এর  ÷  এর  মান  কত ?,১,,,,ক,১,
৭৭,৭৭. বন্ধনীর  আগে  কোন  চিহ্ন  না  থাকলে  সেখানে  কী  ধরে  নিতে  হয় ?,যোগ,বিয়োগ,ভাগ,এর,ঘ,এর,
৭৮,৭৮. এর  ( + ) এর  সরল  মান  কত ?,,৫,,,গ,,
৭৯,৭৯. ÷ × × ১ = কত ?,,,,,ঘ,,
৮০,৮০. সরল  অঙ্কে  সর্বপ্রথম  কিসের  কাজ  করতে  হয় ?,বন্ধনী,এর,ভাগ,গুণ,ক,বন্ধনী,
৮১,৮১. ১ এর ÷ ৭ এর  মান  নিচের  কোনটি ?,,,,,ক,,
৮২,৮২. ৩ ÷ ( এর  ) = কত ?,১,,,,ক,১,
৮৩,"৮৩. = হলে , ক = কত ?",৮,৩২,৬৪,৭২,গ,৬৪,
৮৪,৮৪. কোন  সংখ্যার  অংশ ?,৮,৪,২,,খ,৪,
৮৫,৮৫. ১  বর্গ  একক  ক্ষেত্রফল  বিশিষ্ট  বর্গক্ষেত্রকে  দৈর্ঘ্য  এবং  প্র স্থ  বিশিষ্ট  কয়টি  আয়তক্ষেত্রে  বিভক্ত  করা  যাবে ?,৩টি,২টি,টি,৬টি,ঘ,৬টি,
৮৬,৮৬. দুইটি  ভগ্নাংশের  গুণফল  । একটি  ভগ্নাংশ   হলে  অপরটি  কত ?,,,,,ক,,
৮৭,৮৭. একটি  মগের  অংশ  পানি  দ্বারা  পূর্ণ  আছে।  কত  অংশ  খালি  আছে ?,,,,,ঘ,,
৮৮,৮৮. ৩ এর ÷,২,৩,৪,৫,ঘ,৫,
৮৯,৮৯. ৭ + ১ - ৩ এর - ভগ্নাংশদ্বয়ের  যোগফল  ৯ সরলীকৃত  মান  ৬ সরলীকৃত  মান  প্রকৃত  ভগ্নাংশ  প্রকাশ  করে নিচের  কোনটি  সঠিক ?,iওii,iiওiii,iওiii,"i, iiওiii",ক,iওii,
৯০,৯০. মিরাজ  তার  জমানো  টাকার  কত  অংশ  দিয়ে  দিল ?,অংশ,অংশ,অংশ,অংশ,ক,অংশ,
৯১,৯১. তার  অবশিষ্ট  টাকা  মোট  জমানো  টাকার  কত  অংশ ?,অংশ,অংশ,অংশ,অংশ,ক,অংশ,
৯২,৯২. তার  মোট  জমানো  টাকার  পরিমাণ  কত ?,৩০০০০টাকা,৪০০০০টাকা,৫০০০০টাকা,৬০০০০টাকা,ঘ,৬০০০০টাকা,
৯৩,৯৩. এর  সাথে  এর  বিপরীত  ভগ্নাংশের  গুণফল  কত ?,,১,,,খ,১,
৯৪,৯৪. একটি  আয়তাকার  পাতের  ক্ষেত্রফল ১৮ বর্গ  মি . এবং  প্রস্থ ৩ মিটার।  পাতটির  দৈর্ঘ্য  কত  মিটার ?,৪,৬,৮,১০,খ,৬,
৯৫,"৯৫. ২ , ১ , ২ ভগ্নাংশগুলোর  সাধারণ  গুণনীয়ক  কত ?",,,,,ঘ,,
৯৬,"৯৬. কোন  বৃহত্তম  সংখ্যা  দিয়ে  , এবং ১ কে  ভাগ  করলে  প্রত্যেক  ক্ষেত্রে  ভাগফল  পূর্ণসংখ্যা  হবে ?",,,,,ঘ,,
৯৭,"৯৭. , , ভগ্নাংশগুলোর  গুণিতকগুলোর  মধ্যে  সবচেয়ে  ছোট  কোনটি ?",,,,,খ,,
৯৮,৯৮. ১ এর ÷ এর  মান  নিচের  কোনটি ?,১,২,৩,৫,গ,৩,
৯৯,৯৯. ৫১০  মিটার  লম্বা  ফিতাকে ৫ মিটার  পরিমাপের  কতগুলো  টুকরা  করলে  ফিতাটি  কত  টুকরা  হবে ?,২৫০,১৫০,১০০,৭৫,গ,১০০,
১০০,১০০. ১ এর ১ ÷ = কত ?,,,,,খ,,
১০১,"১০১. , , ভগ্নাংশত্রয়ের - হরগুলোর  ল . সা . গু . ৬০ লবগুলোর  গ . সা . গু . ৩",iওii,iওiii,iiওiii,"i, iiওiii",গ,iiওiii,
১০২,১০২. ২ এর ÷ ১ সরলীকরণের - ভগ্নাংশগুলো  প্রকৃত ১ম  অংশের  মান  সরলীকরণের  মান  নিচের  কোনটি  সঠিক ?,iওii,iওiii,iiওiii,"i, iiওiii",গ,iiওiii,
১০৩,"১০৩. , , ভগ্নাংশগুলোর - যোগফল  ৪ সমহর  রূপ  , , ল . সা . গু = ৭ নিচের  কোনটি  সঠিক ?",iওii,iওiii,iiওiii,"i, iiওiii",ঘ,"i, iiওiii",
১০৪,১০৪. আরিফ  সাহেব  তার  সম্পত্তির  কত  অংশ  দান  করলেন ?,অংশ,অংশ,অংশ,অংশ,ঘ,অংশ,
১০৫,১০৫. তার  মোট  সম্পত্তির  মূল্য  কত ?,৪০০০০টাকা,৬০০০০টাকা,৮০০০০টাকা,১০০০০০টাকা,গ,৮০০০০টাকা,
১০৬,১০৬. বাগানটির  দৈর্ঘ্য  কত  মিটার ?,১২,১২,১২,১৩,খ,১২,
১০৭,১০৭. বাগানটির  পরিসীমা  কত  মিটার ?,২২,২৪,৩০,৪৪,ঘ,৪৪,
১,১. ২ . ০৫৬ + ১ . ০২  + ৫ . ৪  এর  মান  নিচের  কোনটি ?,৮.৭৪৬,৮.৬৭৬,৮.৩৭৬,৮.৪৭৬,ঘ,৮.৪৭৬,
২,২. ০ . ১  +  ০ . ০১  +  ০ . ০০১ = কত ?,০.১,০.১০১,০.১১০,০.১১১,ঘ,০.১১১,
৩,৩. ১ . ২  এর  লঘিষ্ঠ  রূপ  কোনটি ?,,,,,ক,,
৪,৪. ০ . ৫ + ০ . ০৫ + ০ . ০০৫ = কত ?,০.৫,০.৫০৫,০.৫৫৫,০.৫৫০,গ,০.৫৫৫,
৫,৫. ২ . ৭  ও  ৩ . ৬  সংখ্যা  দুটির  যোগফল  কোনটি ?,৪.২,৬.৩,৭.৩,৮.৫,খ,৬.৩,
৬,৬. ৬ . ০০১ + ৫ . ০১ + ২ . ৭  এর  মান  নিচের  কোনটি ?,১৩.৭১,১৩.৭১১,১৩.৭২,১৩.৯,খ,১৩.৭১১,
৭,৭. ১৬ . ৭৪৫  দশমিক  ভগ্নাংশে  সহস্রাংশে  কোন  অঙ্কটি  বিদ্যমান ?,১,৪,৫,৭,গ,৫,
৮,"৮. ০ . ০৫ , ০ . ০১  ও  ০ . ০০৪  এর  যোগফল  কত ?",০.০৬৪,০.০৪৬,০.৬০৪,০.০০৬৪,ক,০.০৬৪,
৯,৯. ০ . ০২ + ২ + ০ . ০০১ = কত ?,২.২১,২.০২১,০.২২১,০.০২১,খ,২.০২১,
১০,১০. ০ . ২৫ + ০ . ৫৫ = কত ?,,১,২,,ঘ,,
১১,১১. দশমিক  ভগ্নাংশের  ক্ষেত্রে - ০ . ৭  ও  ০ . ৬  এর  যোগফল  ১ . ৩  এর  সমান ২ . ৫৭  ও  ৩ . ২  এর  যোগফলে  দশমিক  বিন্দুর  পর  মাত্র  একটি  অঙ্ক  আছে ৫ . ২৩৭  এর  সহস্রাংশের  স্থানে  ৭  আছে নিচের  কোনটি  সঠিক ?,iওii,iওiii,iiওiii,"i, iiওiii",খ,iওiii,
১২,১২. ২য়  ও  ৩য়  জনের  টাকার  সমষ্টি  নিচের  কোনটি ?,১৫.৩৫,২১.০০,৫১.৩৫,৩৫.১৫,খ,২১.০০,
১৩,১৩. তিন  জনের  টাকার  সমষ্টি  নিচের  কোনটি ?,১২৪.৫০,১২৪.৮০,১৪০.৮০,১৫০.২৫,ঘ,১৫০.২৫,
১৪,১৪. লাঠিটির  লাল  ও  সবুজ  অংশের  মোট  পরিমাণ  কত ?,০.৭৭,০.৯৫,২.৭৫,০.২৭৫,খ,০.৯৫,
১৫,১৫. লাঠির  মোট  কত  অংশ  রং  করা  হলো ?,০.৮৭৫,০.৯৫৭,০.৯৭৫,০.৯৬৫,গ,০.৯৭৫,
১৬,১৬. ১০০  -  ৯৯ . ৯ = কত ?,০.১,০.০১,০.০০১,১,ক,০.১,
১৭,১৭. ১  -  ০ . ০০১ = কত ?,০.০০৯,০.০৯৯,০.৯৯৯,০.০০১,গ,০.৯৯৯,
১৮,১৮. ১২৫  -  ০ . ৫ = কত ?,২৫,১২৫,১২৪.৫,২.৫,গ,১২৪.৫,
১৯,১৯. ১৩ . ০০১  - ১২ . ০১ = কত ?,০.৯,০.০৯,০.৯১,০.৯৯১,ঘ,০.৯৯১,
২০,২০. ৩ . ১৫  - ১ . ৬৭৫৮ = কত ?,১.৪৭৪২,১৪.৭৪২,১৪৭.৪২,১৪৭৪.২,ক,১.৪৭৪২,
২১,২১. ৯০ . ৯৯  থেকে  ১ . ০১০  এর  বিয়োগফল  কত ?,৯৯.৯৮,৮৯.৯৮,৮৯.৮৯,৮.৯৯৮,খ,৮৯.৯৮,
২২,২২. তমা  ৫০  টাকা  থেকে  ছোট  দুই  ভাইকে  একত্রে  ২৮ . ২৫  টাকা  দিলো।  তার  অবশিষ্ট  টাকার  পরিমাণ  কত ?,১৯.২৫,২১.৭৫,২২.২৫,২৫,খ,২১.৭৫,
২৩,২৩. একটি  বাঁশের  ০ . ২৫  অংশ  পানিতে  ও  ০ . ২৮  অংশ  কাদায়  আছে।  বাঁশটির  কত  অংশ  পানির  উপরে  আছে ?,০.৪৩,০.৪৭,০.৫৩,০.৫৭,খ,০.৪৭,
২৪,২৪. ২৫ . ২৫  -  ১৭ . ২৫  -  ১০ . ৭৫ + ৫ . ০৫ = ?,১২.৫০,৪.৭৫,২.৩০,৫.৩০,গ,২.৩০,
২৫,২৫. ৩ . ১৫৬  এবং  ১ . ৬১  এর  বিয়োগফলের  সাথে  কত  যোগ  করলে  ২  হবে ?,১.৪৫৪,২.৪৫৪,০.৪৫৪,০.৪৪৫,গ,০.৪৫৪,
২৬,২৬. কোন  সংখ্যার  সাথে  ৮ . ৮৯  যোগ  করলে  যোগফল  ১৮ . ০৭  হয়।  সংখ্যাটি  কত ?,২৬.৯৬,৯.১৮,২৫.৯৬,১০.১৮,খ,৯.১৮,
২৭,২৭. আলিফ  ১২০ . ২৫  টাকা  হতে  ৮ . ৬২  টাকার  বলপেন  এবং  ৫০ . ৭৫  টাকার  খাতা  কিনলে  তার  কাছে  কত  টাকা  অবশিষ্ট  থাকবে ?,৫৬.৪৮,৫৭.৮৪,৫৯.৪৪,৬০.৮৮,ঘ,৬০.৮৮,
২৮,"২৮. ১ . ৪৯৯ , ৮ . ৭৫৮  ও  ৫ . ৩৭৭  তিনটি  দশমিক  ভগ্নাংশ  হলে - ২য়  ভগ্নাংশ +  ৩য়  ভগ্নাংশ = ১৪ . ১৩৫ ২য়  ভগ্নাংশ  -  ১ম  ভগ্নাংশ = ৭ . ২৫৯ ২য়  ভগ্নাংশ -  ১ম  ভগ্নাংশ -  ৩য়  ভগ্নাংশ = ১ . ৮৪২ নিচের  কোনটি  সঠিক ?",iওii,iওiii,iiওiii,"i, iiওiii",ক,iওii,
২৯,"২৯. একটি  খাতা , একটি  পেন্সিল  ও  একটি  রাবারের  মোট  মূল্য  ২১ . ১৫  টাকা।  খাতা  ও  পেনসিলের  দাম  যথাক্রমে  ১০ . ৭৫  টাকা  ও  ৫ . ২৫  টাকা  হলে -",iওii,iওiii,iiওiii,"i, iiওiii",গ,iiওiii,
৩০,৩০. ০ . ০৫  × ০ . ০০০৩ = কত ?,০.০০০০১৫,০.০০০১৫,০.০০১৫,০.১৫,ক,০.০০০০১৫,
৩১,৩১. ০ . ৫ ×  ০ . ০৩ ×  ০ . ০০৮ = কত ?,০.০০১২,০.০১২,০.০০০১২,০.০০০০১২,গ,০.০০০১২,
৩২,৩২. ০ . ০০১ × ০ . ২ ×  ০ . ০৫ = কত ?,০.০০১০,০.০০০১,০.০০০০১,১.০০৫,গ,০.০০০০১,
৩৩,৩৩. এক  ব্যক্তি  দৈনিক  ২ . ৫  কিলোক্যালরির  খাবার  খায়  এবং  ব্যায়াম  করে  ১ . ৭৬  কিলোক্যালরি  শক্তি  ক্ষয়  করে।  তিন  দিন  পর  খাওয়া  এবং  ব্যায়ামের  দরুন  শরীরে  কত  কিলোক্যালরি  সঞ্চিত  করে ?,০.৭৪,১.৭৪,২.১২,২.২২,ঘ,২.২২,
৩৪,৩৪. ০ . ০১ × ০ . ০২ ×  ০ . ৩ = কত ?,০.০০০০৬,০.০০০০০৬,০.০০০৬,০.০০৬,ক,০.০০০০৬,
৩৫,৩৫. ০ . ০৬৫৭  কে ০ . ৭৫  দিয়ে  গুণ  করলে  কোনটি  হবে ?,০.০৫৯২৭৫,০.০৪৯২৭,০.০৪৯২৭৫,০.০৪৭৫৭২,গ,০.০৪৯২৭৫,
৩৬,৩৬. এক  লোক  রিক্সায়  ঘণ্টায়  ২ . ৫২  কি . মি . বেগে  ৪  ঘণ্টা  ৩০  মিনিটে  কত  কি . মি . যেতে  পারবে ?,৯.৩৬,১১.৩৪,১২.৫৬,১৫.৫০,খ,১১.৩৪,
৩৭,"৩৭. ২ . ৪ , ১ . ২ , ০ . ০৮  তিনটি  দশমিক  ভগ্নাংশ।  প্রদত্ত  তিনটি  দশমিক  ভগ্নাংশের  গুণফল  কত ?",০.২৩০৪,২৩.৪০,২.৫২,২৫.৫২,ক,০.২৩০৪,
৩৮,৩৮. ১টি  বইয়ের  দাম  ৫০ . ২৫  টাকা  হলে  এরূপ  ৪টি  বইয়ের  দাম  কত  টাকা ?,২০০,২০১,২০৪,২০২,খ,২০১,
৩৯,৩৯. ফরিদের  নিকট  ৪০০  টাকা  ছিল।  সে  ঐ  টাকার  ০ . ০৫  অংশ  দিয়ে  একটি  কলম  কিনল।  তার  কাছে  আর  কত  টাকা  রইল ?,৩০০,৩৫০,৩৮০,৩২০,গ,৩৮০,
৪০,৪০. ০ . ০১ × ০ . ০০২ × ০ . ০০০৩ = কত ?,০.০০৬,০.০০০৬,০.০০০০০৬,০.০০০০০০০০৬,ঘ,০.০০০০০০০০৬,
৪১,৪১. একটি  লাঠির  দৈর্ঘ্য  ২০  মিটার।  লাঠির  ০ . ৬  অংশ  রং  করা  হয়েছে।  কত  মিটার  রং  করা  হয়েছে ?,৮,১০,১২,১৫,গ,১২,
৪২,৪২. ০ . ০২ × ০ . ০০৪  × ০ . ০০০৬ = কত ?,০.০০৪৮,০.০০০৪৮,০.০০০০০৪৮,০.০০০০০০০৪৮,ঘ,০.০০০০০০০৪৮,
৪৩,৪৩. ০ . ০৫৭ × ০ . ০৩৫ = কত ?,০.০১৯৫৯,০.০১৯৯৫,০.০০১৯৫৯,০.০০১৯৯৫,ঘ,০.০০১৯৯৫,
৪৪,৪৪. কোন  গাড়ি  ১  মিনিটে  ১ . ২৫  কি . মি . গেলে  ১ . ৫  ঘণ্টায়  কত  দূর  যাবে ?,১১০.৫কি.মি.,১১২.৫কি.মি.,১১৪.২৫কি.মি.,১১৬.৫কি.মি.,খ,১১২.৫কি.মি.,
৪৫,৪৫. এক  ব্যক্তি  মাসে  ৮০৭০ . ৫২  টাকা  আয়  করেন  ও  ৭০৭৯ . ৮৯  টাকা  খরচ  করেন।  ২  মাস  ১৫  দিনে  তাঁর  সঞ্চয়  কত  টাকা ?,২৪৭৬.৫৮,২৪৬৭.৮৫,২৬৪৭.৫৮,২৭৬৪.৫৮,ক,২৪৭৬.৫৮,
৪৬,৪৬. ৫৮ . ৪  × ০ . ০২  এর  ক্ষেত্রে - ৫৮ . ৪  গুণ্য,iওii,iiওiii,iওiii,"i, iiওiii",গ,iওiii,
৪৭,"৪৭. কোনো  দোকানে  প্রতি  বস্তা  চাল , ডাল  ও  আলুর  ওজন  যথাক্রমে  ৪৮ . ২৫  কেজি , ৩৭ . ৭২৫  কেজি  এবং  ৫১ . ২৫  কেজি  হলে - চালের  বস্তার  ওজন  ডালের  বস্তার  চেয়ে  ১০ . ৫২৫  কেজি  বেশি ২টি  চালের  বস্তা  + ৪টি  আলুর  বস্তা = ৩০১ . ৫  কেজি ৮টি  ডালের  বস্তা  - ২টি  আলুর  বস্তা  -  ৩টি  চালের  বস্তা  ৫৪ . ৫৫  কেজি নিচের  কোনটি  সঠিক ?",iওii,iওiii,iiওiii,"i, iiওiii",ঘ,"i, iiওiii",
৪৮,৪৮. কাঁদায়  ও  পানিতে  বাঁশটির  মোট  কত  অংশ  আছে ?,০.৮,০.৭,০.৫,০.১১,ক,০.৮,
৪৯,৪৯. বাঁশটির  মোট  দৈর্ঘ্য  কত  মিটার ?,১০,১২,১৮,২০,ঘ,২০,
১,"১ . ০০৫ , ১৩ . ৫১  ও  ৭ . ২ ৫০. ১ম  ও  ২য়  সংখ্যা  দুইটির  গুণফল  নিচের  কোনটি ?",১.৩৫৭৭৫,১৩.৫৭৭৫,১৩.৫৭৭৫৫,১৩৫.৭৭৫৫,গ,১৩.৫৭৭৫৫,
৫১,৫১. ৩য়  ও  ১ম  সংখ্যা  দুইটির  গুণফল  নিচের  কোনটি ?,৭.২,৭.৩,৭.৬৩২,৭.২৩৬,ঘ,৭.২৩৬,
৫২,৫২. ২য়  ও  ৩য়  সংখ্যা  দুইটির  গুণফল  নিচের  কোনটি ?,৯৬.৭২৭,৯৭.২৭২,৯৮.১২৫,৯৯.৭১৫,খ,৯৭.২৭২,
৫৩,৫৩. ০ . ২৫  ÷ ০. ০৫ = কত ?,৫,৫০,০.৫,১২৫,ক,৫,
৫৪,"৫৪. ভাগফল  ২৫  এবং  ভাজ্য  ৮০৮ . ৯  হলে , ভাজক  কত ?",৩২.৩৫৬,৩৫.০০১,৩৮.৪৫৬,৪০.১২৫,ক,৩২.৩৫৬,
৫৫,৫৫. ০ . ০১ × ০ . ০০২  ×      = ০ . ০০০০০০০০০৬  এখানে  কোন  সংখ্যা  হবে ?,০.০৩,০.০০৩,০.০০০৩,০.০০০০৩,ঘ,০.০০০০৩,
৫৬,৫৬.            × ০ . ০০২ × ০ . ০৩ = ০ . ০০০০০০০০৬ ; এখানে   কোন  সংখ্যা  বসবে ?,০.১,০.০১,০.০০১,০.০০০১,ঘ,০.০০০১,
৫৭,৫৭. ০ . ৭৫৮৪ ÷ ০ . ২৪  এর  মান  কত ?,৩.১৬,৩.৬১,০.৩১৬,০.৩৬১,ক,৩.১৬,
৫৮,৫৮. একটি  অটোরিক্সার  গতিবেগ  ঘণ্টায়  ১৫ . ৪  কি . মি . হলে  ৬ . ১৬  কি . মি . যেতে  কত  মিনিট  লাগবে ?,১২,১৮,২৪,২৮,গ,২৪,
৫৯,৫৯. ০ . ১২১ ÷  ১১ = কত ?,০.০০১,০.০১১,০.০১,০.০০১১,খ,০.০১১,
৬০,৬০. ০ . ৩৮৫  কে  ০ . ০০১  দ্বারা  ভাগ  করলে  ভাগফল  কত  হবে ?,০.২৮৫,০.৩৮৫,২৮৫,৩৮৫,ঘ,৩৮৫,
৬১,৬১. [ ৩ . ৫  এর  ২ ] ÷ ০ . ৫  এর  সরল  মান  কত ?,১৪,৭,১০,৫,ক,১৪,
৬২,"৬২. তমালের  মাসিক  আয়ের  ০ . ১৭  অংশ  সমান  ৮৫০  টাকা  হলে , তার  মাসিক  আয়  কত ?",৫০০০টাকা,৫১৬০টাকা,৫৪০০টাকা,৫৫০০টাকা,ক,৫০০০টাকা,
৬৩,৬৩. এক  ডজন  পেনসিলের  দাম  ৭৩ . ৮০  টাকা  হলে  এক  হালি  পেন্সিলের  দাম  কত  টাকা ?,২৫.৮০,২৪.৬০,২৩.২০,২২.৭৫,খ,২৪.৬০,
৬৪,৬৪. পিতার  বয়স  পুত্রের  বয়সের  ৪ . ৫  গুণ।  পিতার  বয়স  ৩৯  বছর  হলে  পুত্রের  বয়স  কত ?,৮বছর৪মাস,৮বছর৬মাস,৮বছর৮মাস,৮বছর১০মাস,গ,৮বছর৮মাস,
৬৫,৬৫. ৫  ভাইয়ের  সমানভাবে  মোট  ৪৬ . ৫  হেক্টর  জমি  থাকলে - [ ১  হেক্টর = ২ . ৪৭  একর ] তাদের  মোট  ১১৪ . ৮৫৫  একর  জমি  আছে প্রত্যেকের  ৯ . ৩  হেক্টর  জমি  আছে ১৯ . ৭৬  একর = ৮  হেক্টর নিচের  কোনটি  সঠিক ?,iওii,iওiii,iiওiii,"i, iiওiii",ঘ,"i, iiওiii",
৬৬,৬৬. রহিমার  বাবার  কাছ  থেকে  নেওয়া  টাকা  মায়ের  কাছ  থেকে  নেওয়া  টাকার  কত  গুণ ?,৬.৩৭৫,৬.৩৫৭,৫.৩৭৫,৪.৩৭৫,ক,৬.৩৭৫,
৬৭,৬৭. ভাইয়ের  কাছ  থেকে  নেওয়া  টাকা  মায়ের  কাছ  থেকে  নেওয়া  টাকার  কত  গুণ ?,৫.৫২৫,৪.৫৩৫,৪.৫২৬,৪.৫২৫,ঘ,৪.৫২৫,
৬৮,৬৮. রহিমার  বাবার  কাছ  থেকে  নেওয়া - টাকার  ৫  ভাগের  ১  ভাগ  টাকা  সমান  কত ?,২৫.৫০টাকা,২৫.০৫টাকা,৩৫.৫০টাকা,২৫.৭৫টাকা,ক,২৫.৫০টাকা,
১,"১ . ০০ , ০ . ০০১ , ০ . ০২ ৬৯. প্রথম  সংখ্যাটিকে  দ্বিতীয়  সংখ্যাটি  দ্বারা  ভাগ  করলে  ভাগফল  কোনটি ?",১০০০,১.০০০,০.০০১,০.০০০১,ক,১০০০,
৭০,৭০. দ্বিতীয়  সংখ্যাটিকে  তৃতীয়  সংখ্যা  দ্বারা  ভাগ  করলে  ভাগফল  কোনটি ?,০.০২,০.০৫,০.০৬,০.১০,খ,০.০৫,
৭১,৭১. ১ . ২  ও  ০ . ০৮  সংখ্যা  দুটির  গ . সা . গু . কত ?,১.২,০.৮,০.০৮,০.০৪,গ,০.০৮,
৭২,৭২. ০ . ০২  ও  ০ . ২০  এর  গ . সা . গু . কত ?,০.৫০১,০.০০১,০.০৫১,,ঘ,,
৭৩,"৭৩. ২ , ১ . ৬  ও  ০ . ০১  এর  ল . সা . গু . কত ?",,০.৮,,৮,ঘ,৮,
৭৪,৭৪. ০ . ০১৬  ও  ৫ . ৬  এর  ল . সা . গু  কত ?,৩.২,৪.৮,৫.৬,৬.৪,গ,৫.৬,
৭৫,"৭৫. ১ . ২ , ০ . ০৮  ও  ২  এর  গ . সা . গু . কত ?",২৫,২.৫,০.০৮,০.০২৫,গ,০.০৮,
৭৬,৭৬. ২ . ৪  ও  ০ . ০৯  সংখ্যা  দুটির  ল . সা . গু . কত ?,৭.২,৮.৪,৯.৬,১০.৮,ক,৭.২,
৭৭,"৭৭. ৫ . ৬ , ১ . ০৫ , ৩ . ৫  তিনটি  দশমিক  ভগ্নাংশ  হলে - সংখ্যাগুলোর  গ . সা . গু = ০ . ৩৫ সংখ্যাগুলোর  ল . সা . গু = ৮৪ ১ম  সংখ্যা  × ২য়  সংখ্যা  ৩য়  সংখ্যা = ১ . ৬৮ নিচের  কোনটি  সঠিক ?",iওii,iওiii,iiওiii,"i, iiওiii",ঘ,"i, iiওiii",
৭৮,৭৮. ক  ও  খ  এর  গ . সা . গু  কত ?,০.৩৭৫,০.৬২৫,০.৭৫,০.৮৭৫,খ,০.৬২৫,
৭৯,"৭৯. ক , খ  ও  গ  এর  ল . সা . গু  কত ?",২৪০৬.২৫,২২০৪.৫০,২১২৬.২৫,২০০৬.২,ক,২৪০৬.২৫,
৮০,"৮০. ৮ , ০ , ১ , ২ , ৫ , ৪ , ৩  অঙ্কগুলো  একবার  মাত্র  ব্যবহার  করে  সাত  অঙ্কের  ক্ষুদ্রতম  সংখ্যা  নিচের  কোনটি ?",২০১৩৪৫৮,১০২৪৩৫৮,১০২৩৪৫৮,২০১৮৫৪৩,গ,১০২৩৪৫৮,
৮১,"৮১. ১০২ , খালি  ঘরে  নিচের  কোন  অঙ্কটি  বসলে  সংখ্যাটি  ৫  দ্বারা  বিভাজ্য  হবে ?",৩,২,১,০,ঘ,০,
৮২,৮২. ১৮১  ৫  সংখ্যাটির  চিহ্নিত  স্থানে  নিচের  কোন  অঙ্ক  বসালে  তা  ৯  দ্বারা  নিঃশেষে  বিভাজ্য  হবে ?,১,২,৩,৪,গ,৩,
৮৩,"৮৩. কোনো  সংখ্যার - অঙ্কগুলোর  যোগফল  ৯  দ্বারা  বিভাজ্য  হলে , সংখ্যাটি  ৩  দ্বারা  বিভাজ্য। একক  ও  দশক  স্থানের  অঙ্ক  দুইটি  দ্বারা  গঠিত  সংখ্যা  ৪  দ্বারা  বিভাজ্য  হলে , ঐ  সংখ্যাটি  ৪  দ্বারা  বিভাজ্য  হবে। একক  স্থানীয়  অঙ্কটি  শূন্য ( ০ ) অথবা  ৫  হলে , প্রদত্ত  সংখ্যাটি  ৫  দ্বারা  বিভাজ্য  হবে । নিচের  কোনটি  সঠিক ?",iওii,iওiii,iiওiii,"i, iiওiii",ঘ,"i, iiওiii",
৮৪,"৮৪. ১৬ . ২৫ , ০ . ৬২৫  ও  ১৫ . ৬২৫  সংখ্যা  তিনটির  ক্ষেত্রে - সংখ্যাত্রয়ের  ল . সা . গু . = ৪০৬ . ২৫   সংখ্যাত্রয়ের  গ . সা . গু . ২য়  সংখ্যা ( ১ + ২য়  সংখ্যা ) × ১০ = ১ম  সংখ্যা নিচের  কোনটি  সঠিক ?",iওii,iওiii,iiওiii,"i, iiওiii",ঘ,"i, iiওiii",
৮৫,৮৫. কোন  ক্ষুদ্রতম  সংখ্যার  সাথে  ৭  যোগ  করলে  যোগফল  ২৮  ও  ৩২  দ্বারা  নিঃশেষে  বিভাজ্য  হবে ?,২৩১,২২৪,২১৭,২১০,গ,২১৭,
৮৬,"৮৬. , , ভগ্নাংশগুলোর  ল . সা . গু . কত ?",,,৬,,ঘ,,
৮৭,৮৭. ১২ মিটার  বাঁশের  রং  করা  অংশের  পরিমাণ  মিটার।  বাঁশটির  কত  মিটার  রং  করা  বাকি  রইল ?,৯,১০,১১,১২,খ,১০,
৮৮,৮৮. ১ এর ২ = কত ?,২,৩,৪,৫,খ,৩,
৮৯,৮৯. ১৫  থেকে  ৫০  পর্যন্ত  মৌলিক  সংখ্যা  কয়টি ?,৫,৯,৭,৮,খ,৯,
৯০,৯০. ফুলের  গাছ  কত  বর্গমিটার  জায়গা  জুড়ে  বিদ্যমান ?,৪৮,২৪,১৮,১২,খ,২৪,
৯১,৯১. বাগানের  অংশ  জুড়ে  ফলের  গাছ  লাগানো  হলে  ফাঁকা  অংশের  পরিমাণ  কত  বর্গমিটার ?,৮,১২,১৬,২০,ঘ,২০,
৯২,৯২. কোন  এক  সময়  হতে  একটি  বাস  স্ট্যান্ডে  ৮  মিনিট  পর  পর  বাস  পৌছে  এবং  ১৮  মিনিট  পর  পর  অপর  বাস  যাত্রা  শুরু  করে।  সর্বনিম্ন  কত  মিনিট  পর  দুটি  বাস  একই  সাথে  যাত্রা  শুরু  করবে  এবং  বাস  স্ট্যান্ডে  পৌছাবে ?,৭২,৬৬,৬০,৫৪,ক,৭২,
৯৩,৯৩. এক  ব্যক্তি  ২৩  কিলোমিটার  পথের ১৪  কি . মি . রিকশাতে  ও  বাকি  রাস্তা  গাড়িতে  গেল।  কত  কি . মি . পথ  গাড়িতে  গেল ?,৮,৮,৯,৯,খ,৮,
৯৪,৯৪. সবচেয়ে  বেশি  কত  জন  ছাত্রছাত্রীর  মাঝে  ফলগুলো  সমান  ভাগে  ভাগ  করে  দেয়া  যাবে ?,৪,৭,৮,১২,গ,৮,
৯৫,৯৫. প্রত্যেকে  কতটি  করে  লিচু  পাবে ?,৫,৭,৮,১১,ক,৫,
৯৬,"৯৬.  (18)/(7)187, (44)/(21)4421, (25)/(6)256  এবং  (68)/(35)6835  এই  ভগ্নাংশগুলোকে  মানের  অধঃক্রম  অনুসারে  সাজালে  কোনটি  সঠিক ?","ক.  eq \f(২৫,৬) ,  eq \f(১৮,৭) ,  eq \f(৪৪,২১) ,  eq \f(৬৮,৩৫) ","খ.  eq \f(১৮,৭) ,  eq \f(২৫,৬) ,  eq \f(৬৮,৩৫) ,  eq \f(৪৪,২১) ","গ.  eq \f(১৮,৭) ,  eq \f(৬৮,৩৫) ,  eq \f(৪৪,২১) ,  eq \f(২৫,৬) ","ঘ.  eq \f(৬৮,৩৫) ,  eq \f(৪৪,২১) ,  eq \f(১৮,৭) ,  eq \f(২৫,৬) ",ক,"ক.  eq \f(২৫,৬) ,  eq \f(১৮,৭) ,  eq \f(৪৪,২১) ,  eq \f(৬৮,৩৫) ",
৯৭,৯৭. এক  লোক  রিক্সায়  ঘণ্টায়  ১৮ . ৪  কি . মি . বেগে  ৫  ঘণ্টা  ১৫  মিনিটে  কত  কি . মি . যেতে  পারবে ?,৮৪.৭,৯০.৫,৯২.৬৮,৯৬.৬,ঘ,৯৬.৬,
৯৮,৯৮. কাঁদায়  ও  পানিতে  বাঁশটির  মোট  কত  অংশ  আছে ?,০.৫,০.৫৪,০.৫৬,০.৪৬,খ,০.৫৪,
৯৯,৯৯. বাঁশটির  মোট  দৈর্ঘ্য  কত  মিটার ?,৫,১০,১৫,২০,ক,৫,
১০০,১০০. সাদিয়া  দোকান  থেকে  ১৬ . ২৫  টাকার  মুড়ি  ৫  প্যাকেট  ও  ৪৩ . ২০  টাকা  দিয়ে  ৬টি  লজেন্স  কিনলে - মুড়ির  জন্য  খরচ  ৮১ . ২৫  টাকা  প্রতিটি  লজেন্সের  দাম  ৭ . ২০  টাকা  ৩  প্যাকেট  মুড়ি  ও  ৪টি  লজেন্সের  মোট  দাম  ৭৫ . ৭৫  টাকা নিচের  কোনটি  সঠিক ?,iওii,iওiii,iiওiii,"i, iiওiii",ক,iওii,
১০১,"১০১. ২ = ক, ১ = খ এবং  = গ হলে -",iওii,iওiii,iiওiii,"i, iiওiii",ক,iওii,
১০২,১০২. কোন  ক্ষুদ্রতম  সংখ্যা  ও ভগ্নাংশদ্বয়  দ্বারা  বিভাজ্য  হয় ?,,,১২,২৪,ঘ,২৪,
১০৩,"১০৩. ০ . ০৫ , ০ . ০১  ও  ০ . ০৪  এর  যোগফল  কত ?",১,০.১,০.০১,১.১,খ,০.১,
১০৪,১০৪. + - = কত ?,,,,,ঘ,,
১০৫,"১০৫. ভিন্ন  আকৃতির  তিনটি  পাত্রে  যথাক্রমে  ৮ , ১২  ও  ১৮  লিটার  পানি  ধরে , সর্বাধিক  কত  লিটারের  জগ  দ্বারা  পাত্র  তিনটি  পূরণ  করা  যাবে ?",২,৩,৪,৮,ক,২,
১০৬,"১০৬. দুইটি  সংখ্যার  ল . সা . গু . ও  গ . সা . গু . ' র  গুণফল  ২৭।  একটি  সংখ্যা  ৯  হলে , অপরটি  কত ?",১,৩,৬,৮,খ,৩,
১০৭,১০৭. ১  বিলিয়ন  ৩৩৮  মিলিয়ন  ৩০০  হাজার  ৫২৬  কে  আন্তর্জাতিক  রীতিতে  কমা  বসিয়ে  লিখলে  কোনটি  হবে ?,"১,৩৩৮,৩০০,৫২৬","১৩,৩৮,৩০০,৫২৬","১,৩৩,৮৩,০০,৫২৬","১,৩৩৮,৩০,৫২৬",ক,"১,৩৩৮,৩০০,৫২৬",
১০৮,১০৮. ০ . ০৫ ×  ০ . ০০৪  × ০ . ০০০৯ = কত ?,০.০০০০১৮,০.০০০০০১৮,০.০০০০০১১৮,০.০০০০০০১৮,ঘ,০.০০০০০০১৮,
১০৯,১০৯. একটি  অ্যালুমিনিয়াম  ও  লোহার  পাতের  দৈর্ঘ্য  যথাক্রমে  ৭২  সে . মি . ও  ১০৮  সে . মি . ।  পাত  দুইটি  থেকে  কেটে  নেওয়া  একই  মাপের  সবচেয়ে  বড়  টুকরাটির  দৈর্ঘ্য  কত  সে . মি .  হবে ? ( পাতদ্বয়ের  প্রস্থ  একই ),১৬,৩৬,১২,৩২,খ,৩৬,
